"ExpID",,"Treatment","Rep","Plot","CROP CLASS","Crop Start","Crop Start Date","Crop Start Time","Cultivar","Drying Off","Drying-Off","FUMIGATION","Fumigation & Irrigation","Harvest","Harvest Date","Harvest Time","Initiation Date","Irrigation","Lodging Management","N RATE","N Rates","N Rates over 2 years","Ratoon date"
1,,1,1,"105",,,,,"Q117",,,,,,,,,,,,,,
1,,1,2,"108",,,,,"Q117",,,,,,,,,,,,,,
1,,2,1,"106",,,,,"Q138",,,,,,,,,,,,,,
1,,2,2,"107",,,,,"Q138",,,,,,,,,,,,,,
2,,1,1,"101","early plant",,,,,,,,,,,,,,,,,,
2,,1,2,"102","early plant",,,,,,,,,,,,,,,,,,
2,,1,3,"103","early plant",,,,,,,,,,,,,,,,,,
2,,1,4,"104","early plant",,,,,,,,,,,,,,,,,,
3,,1,1,"205","plant crop",,,,"Q117",,,,,,,,,,,,,,
3,,1,2,"208","plant crop",,,,"Q117",,,,,,,,,,,,,,
3,,2,1,"202","first ratoon",,,,"Q117",,,,,,,,,,,,,,
3,,2,2,"203","first ratoon",,,,"Q117",,,,,,,,,,,,,,
3,,3,1,"206","plant crop",,,,"Q138",,,,,,,,,,,,,,
3,,3,2,"207","plant crop",,,,"Q138",,,,,,,,,,,,,,
3,,4,1,"201","first ratoon",,,,"Q138",,,,,,,,,,,,,,
3,,4,2,"204","first ratoon",,,,"Q138",,,,,,,,,,,,,,
4,,1,1,"209",,,,,,,,,,,,,,,,"56 kg/ha",,,
4,,1,2,"213",,,,,,,,,,,,,,,,"56 kg/ha",,,
4,,2,1,"210",,,,,,,,,,,,,,,,"107 kg/ha",,,
4,,2,2,"214",,,,,,,,,,,,,,,,"107 kg/ha",,,
4,,3,1,"211",,,,,,,,,,,,,,,,"268 kg/ha",,,
4,,3,2,"212",,,,,,,,,,,,,,,,"268 kg/ha",,,
5,,1,1,"201",,,,,,,,"Non-fumigated",,,,,,,,,,,
5,,1,2,"208",,,,,,,,"Non-fumigated",,,,,,,,,,,
5,,2,1,"204",,,,,,,,"Fumigated",,,,,,,,,,,
5,,2,2,"207",,,,,,,,"Fumigated",,,,,,,,,,,
6,,1,1,"201","early plant",,,,,,,,,,,,,,,,,,
6,,1,2,"208","early plant",,,,,,,,,,,,,,,,,,
6,,2,1,"209","late plant",,,,,,,,,,,,,,,,,,
6,,2,2,"210","late plant",,,,,,,,,,,,,,,,,,
6,,3,1,"211","second ratoon",,,,,,,,,,,,,,,,,,
6,,3,2,"212","second ratoon",,,,,,,,,,,,,,,,,,
6,,4,1,"213","fourth ratoon",,,,,,,,,,,,,,,,,,
6,,4,2,"214","fourth ratoon",,,,,,,,,,,,,,,,,,
7,,1,1,"203",,,,,,,,,,,,,,,,"35 kg/ha",,,
7,,1,2,"205",,,,,,,,,,,,,,,,"35 kg/ha",,,
7,,2,1,"204",,,,,,,,,,,,,,,,"257 kg/ha",,,
7,,2,2,"207",,,,,,,,,,,,,,,,"257 kg/ha",,,
7,,3,1,"202",,,,,,,,,,,,,,,,"407 kg/ha",,,
7,,3,2,"206",,,,,,,,,,,,,,,,"407 kg/ha",,,
8,,1,1,"101",,,,,"Q138",,,,,,,,,,,,,,
8,,1,2,"102",,,,,"Q138",,,,,,,,,,,,,,
8,,1,3,"103",,,,,"Q138",,,,,,,,,,,,,,
8,,1,4,"104",,,,,"Q138",,,,,,,,,,,,,,
8,,2,1,"105",,,,,"Q141",,,,,,,,,,,,,,
8,,2,2,"106",,,,,"Q141",,,,,,,,,,,,,,
8,,2,3,"107",,,,,"Q141",,,,,,,,,,,,,,
8,,2,4,"108",,,,,"Q141",,,,,,,,,,,,,,
9,,1,1,"201",,,,,"Q138",,,,,,,,,,,,,,
9,,1,2,"202",,,,,"Q138",,,,,,,,,,,,,,
9,,1,3,"203",,,,,"Q138",,,,,,,,,,,,,,
9,,1,4,"204",,,,,"Q138",,,,,,,,,,,,,,
9,,2,1,"205",,,,,"Q141",,,,,,,,,,,,,,
9,,2,2,"206",,,,,"Q141",,,,,,,,,,,,,,
9,,2,3,"207",,,,,"Q141",,,,,,,,,,,,,,
9,,2,4,"208",,,,,"Q141",,,,,,,,,,,,,,
12,,1,1,"2",,,,,,,,,,,,,,"Farmer Irrigation",,,"0 kg/ha N",,
12,,1,2,"7",,,,,,,,,,,,,,"Farmer Irrigation",,,"0 kg/ha N",,
12,,2,1,"1",,,,,,,,,,,,,,"Farmer Irrigation",,,"170 kg/ha N",,
12,,2,2,"6",,,,,,,,,,,,,,"Farmer Irrigation",,,"170 kg/ha N",,
12,,3,1,"3",,,,,,,,,,,,,,"Farmer Irrigation",,,"340 kg/ha N",,
12,,3,2,"8",,,,,,,,,,,,,,"Farmer Irrigation",,,"340 kg/ha N",,
12,,4,1,"4",,,,,,,,,,,,,,"Farmer Irrigation",,,"450 kg/ha N",,
12,,4,2,"5",,,,,,,,,,,,,,"Farmer Irrigation",,,"450 kg/ha N",,
12,,5,1,"9",,,,,,,,,,,,,,"Supplimentary Irrigation",,,"0 kg/ha N",,
12,,5,2,"12",,,,,,,,,,,,,,"Supplimentary Irrigation",,,"0 kg/ha N",,
12,,6,1,"10",,,,,,,,,,,,,,"Supplimentary Irrigation",,,"340 kg/ha N",,
12,,6,2,"11",,,,,,,,,,,,,,"Supplimentary Irrigation",,,"340 kg/ha N",,
13,,1,1,"201",,,,,"Q117",,,,,,,,,"Drip Irrigated",,,"200kg/ha + 30kg/ha /mth",,
13,,1,2,"220",,,,,"Q117",,,,,,,,,"Drip Irrigated",,,"200kg/ha + 30kg/ha /mth",,
13,,2,1,"202",,,,,"TS65-28",,,,,,,,,"Drip Irrigated",,,"200kg/ha + 30kg/ha /mth",,
13,,2,2,"219",,,,,"TS65-28",,,,,,,,,"Drip Irrigated",,,"200kg/ha + 30kg/ha /mth",,
13,,3,1,"203",,,,,"TS65-28",,,,,,,,,"Drip Irrigated",,,"200 kg/ha",,
13,,3,2,"223",,,,,"TS65-28",,,,,,,,,"Drip Irrigated",,,"200 kg/ha",,
13,,4,1,"204",,,,,"TS65-28",,,,,,,,,"Drip Irrigated",,,"O kg/ha",,
13,,4,2,"222",,,,,"TS65-28",,,,,,,,,"Drip Irrigated",,,"O kg/ha",,
13,,5,1,"205",,,,,"TS65-28",,,,,,,,,"Rainfed",,,"200 kg/ha",,
13,,5,2,"224",,,,,"TS65-28",,,,,,,,,"Rainfed",,,"200 kg/ha",,
13,,6,1,"206",,,,,"TS65-28",,,,,,,,,"Drip Irrigated",,,"75 kg/ha",,
13,,6,2,"221",,,,,"TS65-28",,,,,,,,,"Drip Irrigated",,,"75 kg/ha",,
14,,1,1,"208",,,,,"Q117",,,,,,,,,"Drip Irrigated",,,"200kg/ha + 30kg/ha /mth",,
14,,1,2,"214",,,,,"Q117",,,,,,,,,"Drip Irrigated",,,"200kg/ha + 30kg/ha /mth",,
14,,2,1,"207",,,,,"TS65-28",,,,,,,,,"Drip Irrigated",,,"200kg/ha + 30kg/ha /mth",,
14,,2,2,"213",,,,,"TS65-28",,,,,,,,,"Drip Irrigated",,,"200kg/ha + 30kg/ha /mth",,
14,,3,1,"210",,,,,"TS65-28",,,,,,,,,"Drip Irrigated",,,"200 kg/ha",,
14,,3,2,"217",,,,,"TS65-28",,,,,,,,,"Drip Irrigated",,,"200 kg/ha",,
14,,4,1,"212",,,,,"TS65-28",,,,,,,,,"Drip Irrigated",,,"0 kg/ha",,
14,,4,2,"216",,,,,"TS65-28",,,,,,,,,"Drip Irrigated",,,"0 kg/ha",,
14,,5,1,"211",,,,,"TS65-28",,,,,,,,,"Rainfed",,,"200 kg/ha",,
14,,5,2,"215",,,,,"TS65-28",,,,,,,,,"Rainfed",,,"200 kg/ha",,
14,,6,1,"209",,,,,"TS65-28",,,,,,,,,"Drip Irrigated",,,"75 kg/ha",,
14,,6,2,"218",,,,,"TS65-28",,,,,,,,,"Drip Irrigated",,,"75 kg/ha",,
15,,1,1,"301",,,,,"Q117",,,,,,,,,"Irrigation",,,"200kg N/ha + 30kg/mth/ha",,
15,,1,2,"320",,,,,"Q117",,,,,,,,,"Irrigation",,,"200kg N/ha + 30kg/mth/ha",,
15,,2,1,"302",,,,,"TS65-28",,,,,,,,,"Irrigation",,,"200kg N/ha + 30kg/mth/ha",,
15,,2,2,"319",,,,,"TS65-28",,,,,,,,,"Irrigation",,,"200kg N/ha + 30kg/mth/ha",,
15,,3,1,"303",,,,,"TS65-28",,,,,,,,,"Irrigation",,,"200kg N /ha",,
15,,3,2,"323",,,,,"TS65-28",,,,,,,,,"Irrigation",,,"200kg N /ha",,
15,,4,1,"304",,,,,"TS65-28",,,,,,,,,"Irrigation",,,"0kg N/ha",,
15,,4,2,"322",,,,,"TS65-28",,,,,,,,,"Irrigation",,,"0kg N/ha",,
15,,5,1,"305",,,,,"TS65-28",,,,,,,,,"Rainfed",,,"200kg N /ha",,
15,,5,2,"324",,,,,"TS65-28",,,,,,,,,"Rainfed",,,"200kg N /ha",,
15,,6,1,"306",,,,,"TS65-28",,,,,,,,,"Irrigation",,,"75kg N /ha",,
15,,6,2,"321",,,,,"TS65-28",,,,,,,,,"Irrigation",,,"75kg N /ha",,
17,,1,1,"309","plant crop",,,,,,,,,,,,,,,"0 kg/ha",,,
17,,1,2,"311","plant crop",,,,,,,,,,,,,,,"0 kg/ha",,,
17,,2,1,"308","plant crop",,,,,,,,,,,,,,,"50 kg/ha",,,
17,,2,2,"310","plant crop",,,,,,,,,,,,,,,"50 kg/ha",,,
17,,3,1,"307","plant crop",,,,,,,,,,,,,,,"high",,,
17,,3,2,"312","plant crop",,,,,,,,,,,,,,,"high",,,
17,,4,1,"301","first ratoon",,,,,,,,,,,,,,,"0 kg/ha",,,
17,,4,2,"305","first ratoon",,,,,,,,,,,,,,,"0 kg/ha",,,
17,,5,1,"302","first ratoon",,,,,,,,,,,,,,,"50 kg/ha",,,
17,,5,2,"306","first ratoon",,,,,,,,,,,,,,,"50 kg/ha",,,
17,,6,1,"303","first ratoon",,,,,,,,,,,,,,,"high",,,
17,,6,2,"304","first ratoon",,,,,,,,,,,,,,,"high",,,
18,,1,1,"301",,,,,,,,"Non-fumigated",,,,,,,,,,,
18,,1,2,"308",,,,,,,,"Non-fumigated",,,,,,,,,,,
18,,2,1,"304",,,,,,,,"Fumigated",,,,,,,,,,,
18,,2,2,"306",,,,,,,,"Fumigated",,,,,,,,,,,
19,,1,1,"303",,,,,,,,,,,,,,,,"0 kg/ha",,,
19,,1,2,"305",,,,,,,,,,,,,,,,"0 kg/ha",,,
19,,2,1,"304",,,,,,,,,,,,,,,,"230 kg/ha",,,
19,,2,2,"306",,,,,,,,,,,,,,,,"230 kg/ha",,,
19,,3,1,"302",,,,,,,,,,,,,,,,"350 kg/ha",,,
19,,3,2,"307",,,,,,,,,,,,,,,,"350 kg/ha",,,
20,,1,1,"309",,,,,"Q96",,,,,,,,,,,,,,
20,,1,2,"311",,,,,"Q96",,,,,,,,,,,,,,
20,,2,1,"310",,,,,"Q117",,,,,,,,,,,,,,
20,,2,2,"312",,,,,"Q117",,,,,,,,,,,,,,
21,,1,1,"101",,,,,"Q117",,,,,,,,,,,,,,
21,,1,2,"104",,,,,"Q117",,,,,,,,,,,,,,
21,,2,1,"102",,,,,"Q138",,,,,,,,,,,,,,
21,,2,2,"103",,,,,"Q138",,,,,,,,,,,,,,
22,,1,1,"101",,,,,"Q117",,,,"Fumigated Rainfed",,,,,,,,,,
22,,1,2,"111",,,,,"Q117",,,,"Fumigated Rainfed",,,,,,,,,,
22,,2,1,"102",,,,,"TS65-28",,,,"Fumigated Rainfed",,,,,,,,,,
22,,2,2,"112",,,,,"TS65-28",,,,"Fumigated Rainfed",,,,,,,,,,
22,,3,1,"104",,,,,"Q117",,,,"Not fumigated Rainfed",,,,,,,,,,
22,,3,2,"115",,,,,"Q117",,,,"Not fumigated Rainfed",,,,,,,,,,
22,,4,1,"103",,,,,"TS65-28",,,,"Not fumigated Rainfed",,,,,,,,,,
22,,4,2,"116",,,,,"TS65-28",,,,"Not fumigated Rainfed",,,,,,,,,,
22,,5,1,"106",,,,,"Q117",,,,"Fumigated Irrigated",,,,,,,,,,
22,,5,2,"110",,,,,"Q117",,,,"Fumigated Irrigated",,,,,,,,,,
22,,6,1,"105",,,,,"TS65-28",,,,"Fumigated Irrigated",,,,,,,,,,
22,,6,2,"109",,,,,"TS65-28",,,,"Fumigated Irrigated",,,,,,,,,,
23,,1,1,"101",,,,,"Q117",,,,"Fumigated & Irrigated",,,,,,,,,,
23,,1,2,"111",,,,,"Q117",,,,"Fumigated & Irrigated",,,,,,,,,,
23,,2,1,"102",,,,,"TS65-28",,,,"Fumigated & Irrigated",,,,,,,,,,
23,,2,2,"112",,,,,"TS65-28",,,,"Fumigated & Irrigated",,,,,,,,,,
23,,3,1,"107",,,,,"Q117",,,,"Not fumigated & Rainfed",,,,,,,,,,
23,,3,2,"114",,,,,"Q117",,,,"Not fumigated & Rainfed",,,,,,,,,,
23,,4,1,"108",,,,,"TS65-28",,,,"Not fumigated & Rainfed",,,,,,,,,,
23,,4,2,"113",,,,,"TS65-28",,,,"Not fumigated & Rainfed",,,,,,,,,,
24,,1,1,"48",,,,,"Q108",,,,,,,,"March",,,,,,
24,,1,1,"52",,,,,"Q108",,,,,,,,"March",,,,,,
24,,1,2,"14",,,,,"Q108",,,,,,,,"March",,,,,,
24,,1,2,"18",,,,,"Q108",,,,,,,,"March",,,,,,
24,,1,3,"20",,,,,"Q108",,,,,,,,"March",,,,,,
24,,1,3,"29",,,,,"Q108",,,,,,,,"March",,,,,,
24,,1,4,"54",,,,,"Q108",,,,,,,,"March",,,,,,
24,,1,4,"58",,,,,"Q108",,,,,,,,"March",,,,,,
24,,2,1,"57",,,,,"Q108",,,,,,,,"June",,,,,,
24,,2,1,"64",,,,,"Q108",,,,,,,,"June",,,,,,
24,,2,2,"16",,,,,"Q108",,,,,,,,"June",,,,,,
24,,2,2,"3",,,,,"Q108",,,,,,,,"June",,,,,,
24,,2,3,"31",,,,,"Q108",,,,,,,,"June",,,,,,
24,,2,3,"36",,,,,"Q108",,,,,,,,"June",,,,,,
24,,2,4,"43",,,,,"Q108",,,,,,,,"June",,,,,,
24,,2,4,"61",,,,,"Q108",,,,,,,,"June",,,,,,
24,,3,1,"39",,,,,"Q108",,,,,,,,"September",,,,,,
24,,3,1,"4",,,,,"Q108",,,,,,,,"September",,,,,,
24,,3,2,"42",,,,,"Q108",,,,,,,,"September",,,,,,
24,,3,2,"45",,,,,"Q108",,,,,,,,"September",,,,,,
24,,3,3,"25",,,,,"Q108",,,,,,,,"September",,,,,,
24,,3,3,"5",,,,,"Q108",,,,,,,,"September",,,,,,
24,,3,4,"7",,,,,"Q108",,,,,,,,"September",,,,,,
24,,3,4,"9",,,,,"Q108",,,,,,,,"September",,,,,,
24,,4,1,"27",,,,,"Q108",,,,,,,,"December",,,,,,
24,,4,1,"32",,,,,"Q108",,,,,,,,"December",,,,,,
24,,4,2,"33",,,,,"Q108",,,,,,,,"December",,,,,,
24,,4,2,"63",,,,,"Q108",,,,,,,,"December",,,,,,
24,,4,3,"2",,,,,"Q108",,,,,,,,"December",,,,,,
24,,4,3,"46",,,,,"Q108",,,,,,,,"December",,,,,,
24,,4,4,"22",,,,,"Q108",,,,,,,,"December",,,,,,
24,,4,4,"51",,,,,"Q108",,,,,,,,"December",,,,,,
24,,5,1,"40",,,,,"Q111",,,,,,,,"March",,,,,,
24,,5,1,"60",,,,,"Q111",,,,,,,,"March",,,,,,
24,,5,2,"26",,,,,"Q111",,,,,,,,"March",,,,,,
24,,5,2,"6",,,,,"Q111",,,,,,,,"March",,,,,,
24,,5,3,"21",,,,,"Q111",,,,,,,,"March",,,,,,
24,,5,3,"28",,,,,"Q111",,,,,,,,"March",,,,,,
24,,5,4,"50",,,,,"Q111",,,,,,,,"March",,,,,,
24,,5,4,"62",,,,,"Q111",,,,,,,,"March",,,,,,
24,,6,1,"49",,,,,"Q111",,,,,,,,"June",,,,,,
24,,6,1,"56",,,,,"Q111",,,,,,,,"June",,,,,,
24,,6,2,"11",,,,,"Q111",,,,,,,,"June",,,,,,
24,,6,2,"8",,,,,"Q111",,,,,,,,"June",,,,,,
24,,6,3,"23",,,,,"Q111",,,,,,,,"June",,,,,,
24,,6,3,"44",,,,,"Q111",,,,,,,,"June",,,,,,
24,,6,4,"35",,,,,"Q111",,,,,,,,"June",,,,,,
24,,6,4,"53",,,,,"Q111",,,,,,,,"June",,,,,,
24,,7,1,"12",,,,,"Q111",,,,,,,,"September",,,,,,
24,,7,1,"47",,,,,"Q111",,,,,,,,"September",,,,,,
24,,7,2,"34",,,,,"Q111",,,,,,,,"September",,,,,,
24,,7,2,"37",,,,,"Q111",,,,,,,,"September",,,,,,
24,,7,3,"13",,,,,"Q111",,,,,,,,"September",,,,,,
24,,7,3,"17",,,,,"Q111",,,,,,,,"September",,,,,,
24,,7,4,"1",,,,,"Q111",,,,,,,,"September",,,,,,
24,,7,4,"15",,,,,"Q111",,,,,,,,"September",,,,,,
24,,8,1,"19",,,,,"Q111",,,,,,,,"December",,,,,,
24,,8,1,"24",,,,,"Q111",,,,,,,,"December",,,,,,
24,,8,2,"41",,,,,"Q111",,,,,,,,"December",,,,,,
24,,8,2,"55",,,,,"Q111",,,,,,,,"December",,,,,,
24,,8,3,"10",,,,,"Q111",,,,,,,,"December",,,,,,
24,,8,3,"38",,,,,"Q111",,,,,,,,"December",,,,,,
24,,8,4,"30",,,,,"Q111",,,,,,,,"December",,,,,,
24,,8,4,"59",,,,,"Q111",,,,,,,,"December",,,,,,
25,,1,1,"22",,,,,"Q108",,,,,,,,"March",,,,,,
25,,1,1,"51",,,,,"Q108",,,,,,,,"March",,,,,,
25,,1,2,"20",,,,,"Q108",,,,,,,,"March",,,,,,
25,,1,2,"29",,,,,"Q108",,,,,,,,"March",,,,,,
25,,1,3,"16",,,,,"Q108",,,,,,,,"March",,,,,,
25,,1,3,"3",,,,,"Q108",,,,,,,,"March",,,,,,
25,,1,4,"39",,,,,"Q108",,,,,,,,"March",,,,,,
25,,1,4,"4",,,,,"Q108",,,,,,,,"March",,,,,,
25,,2,1,"54",,,,,"Q108",,,,,,,,"June",,,,,,
25,,2,1,"58",,,,,"Q108",,,,,,,,"June",,,,,,
25,,2,2,"31",,,,,"Q108",,,,,,,,"June",,,,,,
25,,2,2,"36",,,,,"Q108",,,,,,,,"June",,,,,,
25,,2,3,"42",,,,,"Q108",,,,,,,,"June",,,,,,
25,,2,3,"45",,,,,"Q108",,,,,,,,"June",,,,,,
25,,2,4,"27",,,,,"Q108",,,,,,,,"June",,,,,,
25,,2,4,"32",,,,,"Q108",,,,,,,,"June",,,,,,
25,,3,1,"43",,,,,"Q108",,,,,,,,"September",,,,,,
25,,3,1,"61",,,,,"Q108",,,,,,,,"September",,,,,,
25,,3,2,"25",,,,,"Q108",,,,,,,,"September",,,,,,
25,,3,2,"5",,,,,"Q108",,,,,,,,"September",,,,,,
25,,3,3,"33",,,,,"Q108",,,,,,,,"September",,,,,,
25,,3,3,"63",,,,,"Q108",,,,,,,,"September",,,,,,
25,,3,4,"48",,,,,"Q108",,,,,,,,"September",,,,,,
25,,3,4,"52",,,,,"Q108",,,,,,,,"September",,,,,,
25,,4,1,"7",,,,,"Q108",,,,,,,,"December",,,,,,
25,,4,1,"9",,,,,"Q108",,,,,,,,"December",,,,,,
25,,4,2,"2",,,,,"Q108",,,,,,,,"December",,,,,,
25,,4,2,"46",,,,,"Q108",,,,,,,,"December",,,,,,
25,,4,3,"14",,,,,"Q108",,,,,,,,"December",,,,,,
25,,4,3,"18",,,,,"Q108",,,,,,,,"December",,,,,,
25,,4,4,"57",,,,,"Q108",,,,,,,,"December",,,,,,
25,,4,4,"64",,,,,"Q108",,,,,,,,"December",,,,,,
25,,5,1,"30",,,,,"Q111",,,,,,,,"March",,,,,,
25,,5,1,"59",,,,,"Q111",,,,,,,,"March",,,,,,
25,,5,2,"21",,,,,"Q111",,,,,,,,"March",,,,,,
25,,5,2,"28",,,,,"Q111",,,,,,,,"March",,,,,,
25,,5,3,"11",,,,,"Q111",,,,,,,,"March",,,,,,
25,,5,3,"8",,,,,"Q111",,,,,,,,"March",,,,,,
25,,5,4,"12",,,,,"Q111",,,,,,,,"March",,,,,,
25,,5,4,"47",,,,,"Q111",,,,,,,,"March",,,,,,
25,,6,1,"50",,,,,"Q111",,,,,,,,"June",,,,,,
25,,6,1,"62",,,,,"Q111",,,,,,,,"June",,,,,,
25,,6,2,"23",,,,,"Q111",,,,,,,,"June",,,,,,
25,,6,2,"44",,,,,"Q111",,,,,,,,"June",,,,,,
25,,6,3,"34",,,,,"Q111",,,,,,,,"June",,,,,,
25,,6,3,"37",,,,,"Q111",,,,,,,,"June",,,,,,
25,,6,4,"19",,,,,"Q111",,,,,,,,"June",,,,,,
25,,6,4,"24",,,,,"Q111",,,,,,,,"June",,,,,,
25,,7,1,"35",,,,,"Q111",,,,,,,,"September",,,,,,
25,,7,1,"53",,,,,"Q111",,,,,,,,"September",,,,,,
25,,7,2,"13",,,,,"Q111",,,,,,,,"September",,,,,,
25,,7,2,"17",,,,,"Q111",,,,,,,,"September",,,,,,
25,,7,3,"41",,,,,"Q111",,,,,,,,"September",,,,,,
25,,7,3,"55",,,,,"Q111",,,,,,,,"September",,,,,,
25,,7,4,"40",,,,,"Q111",,,,,,,,"September",,,,,,
25,,7,4,"60",,,,,"Q111",,,,,,,,"September",,,,,,
25,,8,1,"1",,,,,"Q111",,,,,,,,"December",,,,,,
25,,8,1,"15",,,,,"Q111",,,,,,,,"December",,,,,,
25,,8,2,"10",,,,,"Q111",,,,,,,,"December",,,,,,
25,,8,2,"38",,,,,"Q111",,,,,,,,"December",,,,,,
25,,8,3,"26",,,,,"Q111",,,,,,,,"December",,,,,,
25,,8,3,"6",,,,,"Q111",,,,,,,,"December",,,,,,
25,,8,4,"49",,,,,"Q111",,,,,,,,"December",,,,,,
25,,8,4,"56",,,,,"Q111",,,,,,,,"December",,,,,,
26,,1,1,"57",,,,,"Q108",,,,,,,,"March",,,,,,
26,,1,1,"64",,,,,"Q108",,,,,,,,"March",,,,,,
26,,1,2,"16",,,,,"Q108",,,,,,,,"March",,,,,,
26,,1,2,"3",,,,,"Q108",,,,,,,,"March",,,,,,
26,,1,3,"31",,,,,"Q108",,,,,,,,"March",,,,,,
26,,1,3,"36",,,,,"Q108",,,,,,,,"March",,,,,,
26,,1,4,"43",,,,,"Q108",,,,,,,,"March",,,,,,
26,,1,4,"61",,,,,"Q108",,,,,,,,"March",,,,,,
26,,2,1,"39",,,,,"Q108",,,,,,,,"June",,,,,,
26,,2,1,"4",,,,,"Q108",,,,,,,,"June",,,,,,
26,,2,2,"42",,,,,"Q108",,,,,,,,"June",,,,,,
26,,2,2,"45",,,,,"Q108",,,,,,,,"June",,,,,,
26,,2,3,"25",,,,,"Q108",,,,,,,,"June",,,,,,
26,,2,3,"5",,,,,"Q108",,,,,,,,"June",,,,,,
26,,2,4,"7",,,,,"Q108",,,,,,,,"June",,,,,,
26,,2,4,"9",,,,,"Q108",,,,,,,,"June",,,,,,
26,,3,1,"27",,,,,"Q108",,,,,,,,"September",,,,,,
26,,3,1,"32",,,,,"Q108",,,,,,,,"September",,,,,,
26,,3,2,"33",,,,,"Q108",,,,,,,,"September",,,,,,
26,,3,2,"63",,,,,"Q108",,,,,,,,"September",,,,,,
26,,3,3,"2",,,,,"Q108",,,,,,,,"September",,,,,,
26,,3,3,"46",,,,,"Q108",,,,,,,,"September",,,,,,
26,,3,4,"22",,,,,"Q108",,,,,,,,"September",,,,,,
26,,3,4,"51",,,,,"Q108",,,,,,,,"September",,,,,,
26,,4,1,"48",,,,,"Q108",,,,,,,,"December",,,,,,
26,,4,1,"52",,,,,"Q108",,,,,,,,"December",,,,,,
26,,4,2,"14",,,,,"Q108",,,,,,,,"December",,,,,,
26,,4,2,"18",,,,,"Q108",,,,,,,,"December",,,,,,
26,,4,3,"20",,,,,"Q108",,,,,,,,"December",,,,,,
26,,4,3,"29",,,,,"Q108",,,,,,,,"December",,,,,,
26,,4,4,"54",,,,,"Q108",,,,,,,,"December",,,,,,
26,,4,4,"58",,,,,"Q108",,,,,,,,"December",,,,,,
26,,5,1,"49",,,,,"Q111",,,,,,,,"March",,,,,,
26,,5,1,"56",,,,,"Q111",,,,,,,,"March",,,,,,
26,,5,2,"11",,,,,"Q111",,,,,,,,"March",,,,,,
26,,5,2,"8",,,,,"Q111",,,,,,,,"March",,,,,,
26,,5,3,"23",,,,,"Q111",,,,,,,,"March",,,,,,
26,,5,3,"44",,,,,"Q111",,,,,,,,"March",,,,,,
26,,5,4,"35",,,,,"Q111",,,,,,,,"March",,,,,,
26,,5,4,"53",,,,,"Q111",,,,,,,,"March",,,,,,
26,,6,1,"12",,,,,"Q111",,,,,,,,"June",,,,,,
26,,6,1,"47",,,,,"Q111",,,,,,,,"June",,,,,,
26,,6,2,"34",,,,,"Q111",,,,,,,,"June",,,,,,
26,,6,2,"37",,,,,"Q111",,,,,,,,"June",,,,,,
26,,6,3,"13",,,,,"Q111",,,,,,,,"June",,,,,,
26,,6,3,"17",,,,,"Q111",,,,,,,,"June",,,,,,
26,,6,4,"1",,,,,"Q111",,,,,,,,"June",,,,,,
26,,6,4,"15",,,,,"Q111",,,,,,,,"June",,,,,,
26,,7,1,"19",,,,,"Q111",,,,,,,,"September",,,,,,
26,,7,1,"24",,,,,"Q111",,,,,,,,"September",,,,,,
26,,7,2,"41",,,,,"Q111",,,,,,,,"September",,,,,,
26,,7,2,"55",,,,,"Q111",,,,,,,,"September",,,,,,
26,,7,3,"10",,,,,"Q111",,,,,,,,"September",,,,,,
26,,7,3,"38",,,,,"Q111",,,,,,,,"September",,,,,,
26,,7,4,"30",,,,,"Q111",,,,,,,,"September",,,,,,
26,,7,4,"59",,,,,"Q111",,,,,,,,"September",,,,,,
26,,8,1,"40",,,,,"Q111",,,,,,,,"December",,,,,,
26,,8,1,"60",,,,,"Q111",,,,,,,,"December",,,,,,
26,,8,2,"26",,,,,"Q111",,,,,,,,"December",,,,,,
26,,8,2,"6",,,,,"Q111",,,,,,,,"December",,,,,,
26,,8,3,"21",,,,,"Q111",,,,,,,,"December",,,,,,
26,,8,3,"28",,,,,"Q111",,,,,,,,"December",,,,,,
26,,8,4,"50",,,,,"Q111",,,,,,,,"December",,,,,,
26,,8,4,"62",,,,,"Q111",,,,,,,,"December",,,,,,
27,,1,1,"1",,,,,"Trojan",,,,,,,,,,,,,,
27,,1,2,"2",,,,,"Trojan",,,,,,,,,,,,,,
28,,1,1,"1",,,,,"Trojan",,,,,,,,,,,,,,
28,,2,1,"2",,,,,"Q96",,,,,,,,,,,,,,
28,,3,1,"3",,,,,"Q95",,,,,,,,,,,,,,
28,,4,1,"4",,,,,"Q99",,,,,,,,,,,,,,
28,,5,1,"5",,,,,"Q80",,,,,,,,,,,,,,
32,,1,1,"313","3rd Ratoon",,,,,,,,,,,,,,,,,,
32,,1,2,"314","3rd Ratoon",,,,,,,,,,,,,,,,,,
33,,1,1,"49",,,,,"Q96",,,,,,,,,,,,"O kg/ha",,
33,,1,2,"63",,,,,"Q96",,,,,,,,,,,,"O kg/ha",,
33,,1,3,"74",,,,,"Q96",,,,,,,,,,,,"O kg/ha",,
33,,1,4,"44",,,,,"Q96",,,,,,,,,,,,"O kg/ha",,
33,,2,1,"50",,,,,"Q99",,,,,,,,,,,,"O kg/ha",,
33,,2,2,"64",,,,,"Q99",,,,,,,,,,,,"O kg/ha",,
33,,2,3,"73",,,,,"Q99",,,,,,,,,,,,"O kg/ha",,
33,,2,4,"43",,,,,"Q99",,,,,,,,,,,,"O kg/ha",,
33,,3,1,"1",,,,,"Trojan",,,,,,,,,,,,"O kg/ha",,
33,,3,2,"16",,,,,"Trojan",,,,,,,,,,,,"O kg/ha",,
33,,3,3,"26",,,,,"Trojan",,,,,,,,,,,,"O kg/ha",,
33,,3,4,"91",,,,,"Trojan",,,,,,,,,,,,"O kg/ha",,
33,,4,1,"2",,,,,"Q80",,,,,,,,,,,,"O kg/ha",,
33,,4,2,"15",,,,,"Q80",,,,,,,,,,,,"O kg/ha",,
33,,4,3,"25",,,,,"Q80",,,,,,,,,,,,"O kg/ha",,
33,,4,4,"92",,,,,"Q80",,,,,,,,,,,,"O kg/ha",,
33,,5,1,"4",,,,,"Q96",,,,,,,,,,,,"50 kg/ha",,
33,,5,2,"68",,,,,"Q96",,,,,,,,,,,,"50 kg/ha",,
33,,5,3,"77",,,,,"Q96",,,,,,,,,,,,"50 kg/ha",,
33,,5,4,"87",,,,,"Q96",,,,,,,,,,,,"50 kg/ha",,
33,,6,1,"51",,,,,"Q99",,,,,,,,,,,,"50 kg/ha",,
33,,6,2,"20",,,,,"Q99",,,,,,,,,,,,"50 kg/ha",,
33,,6,3,"78",,,,,"Q99",,,,,,,,,,,,"50 kg/ha",,
33,,6,4,"88",,,,,"Q99",,,,,,,,,,,,"50 kg/ha",,
33,,7,1,"52",,,,,"Trojan",,,,,,,,,,,,"50 kg/ha",,
33,,7,2,"19",,,,,"Trojan",,,,,,,,,,,,"50 kg/ha",,
33,,7,3,"29",,,,,"Trojan",,,,,,,,,,,,"50 kg/ha",,
33,,7,4,"39",,,,,"Trojan",,,,,,,,,,,,"50 kg/ha",,
33,,8,2,"67",,,,,"Q80",,,,,,,,,,,,"50 kg/ha",,
33,,8,3,"30",,,,,"Q80",,,,,,,,,,,,"50 kg/ha",,
33,,8,4,"40",,,,,"Q80",,,,,,,,,,,,"50 kg/ha",,
33,,9,1,"3",,,,,"Q96",,,,,,,,,,,,"100 kg/ha",,
33,,9,1,"58",,,,,"Q96",,,,,,,,,,,,"100 kg/ha",,
33,,9,2,"23",,,,,"Q96",,,,,,,,,,,,"100 kg/ha",,
33,,9,3,"33",,,,,"Q96",,,,,,,,,,,,"100 kg/ha",,
33,,9,4,"86",,,,,"Q96",,,,,,,,,,,,"100 kg/ha",,
33,,10,1,"9",,,,,"Q99",,,,,,,,,,,,"100 kg/ha",,
33,,10,2,"24",,,,,"Q99",,,,,,,,,,,,"100 kg/ha",,
33,,10,3,"81",,,,,"Q99",,,,,,,,,,,,"100 kg/ha",,
33,,10,4,"85",,,,,"Q99",,,,,,,,,,,,"100 kg/ha",,
33,,11,1,"57",,,,,"Trojan",,,,,,,,,,,,"100 kg/ha",,
33,,11,2,"71",,,,,"Trojan",,,,,,,,,,,,"100 kg/ha",,
33,,11,3,"82",,,,,"Trojan",,,,,,,,,,,,"100 kg/ha",,
33,,11,4,"38",,,,,"Trojan",,,,,,,,,,,,"100 kg/ha",,
33,,12,1,"10",,,,,"Q80",,,,,,,,,,,,"100 kg/ha",,
33,,12,2,"72",,,,,"Q80",,,,,,,,,,,,"100 kg/ha",,
33,,12,3,"34",,,,,"Q80",,,,,,,,,,,,"100 kg/ha",,
33,,12,4,"37",,,,,"Q80",,,,,,,,,,,,"100 kg/ha",,
33,,13,1,"53",,,,,"Q96",,,,,,,,,,,,"150 kg/ha",,
33,,13,2,"70",,,,,"Q96",,,,,,,,,,,,"150 kg/ha",,
33,,13,3,"32",,,,,"Q96",,,,,,,,,,,,"150 kg/ha",,
33,,13,4,"96",,,,,"Q96",,,,,,,,,,,,"150 kg/ha",,
33,,14,1,"5",,,,,"Q99",,,,,,,,,,,,"150 kg/ha",,
33,,14,2,"21",,,,,"Q99",,,,,,,,,,,,"150 kg/ha",,
33,,14,3,"80",,,,,"Q99",,,,,,,,,,,,"150 kg/ha",,
33,,14,4,"48",,,,,"Q99",,,,,,,,,,,,"150 kg/ha",,
33,,15,1,"6",,,,,"Trojan",,,,,,,,,,,,"150 kg/ha",,
33,,15,2,"22",,,,,"Trojan",,,,,,,,,,,,"150 kg/ha",,
33,,15,3,"31",,,,,"Trojan",,,,,,,,,,,,"150 kg/ha",,
33,,15,4,"95",,,,,"Trojan",,,,,,,,,,,,"150 kg/ha",,
33,,16,1,"54",,,,,"Q80",,,,,,,,,,,,"150 kg/ha",,
33,,16,2,"69",,,,,"Q80",,,,,,,,,,,,"150 kg/ha",,
33,,16,3,"79",,,,,"Q80",,,,,,,,,,,,"150 kg/ha",,
33,,16,4,"47",,,,,"Q80",,,,,,,,,,,,"150 kg/ha",,
33,,17,1,"7",,,,,"Q96",,,,,,,,,,,,"200 kg/ha",,
33,,17,2,"65",,,,,"Q96",,,,,,,,,,,,"200 kg/ha",,
33,,17,3,"75",,,,,"Q96",,,,,,,,,,,,"200 kg/ha",,
33,,17,4,"42",,,,,"Q96",,,,,,,,,,,,"200 kg/ha",,
33,,18,1,"8",,,,,"Q99",,,,,,,,,,,,"200 kg/ha",,
33,,18,2,"66",,,,,"Q99",,,,,,,,,,,,"200 kg/ha",,
33,,18,3,"28",,,,,"Q99",,,,,,,,,,,,"200 kg/ha",,
33,,18,4,"89",,,,,"Q99",,,,,,,,,,,,"200 kg/ha",,
33,,19,1,"56",,,,,"Trojan",,,,,,,,,,,,"200 kg/ha",,
33,,19,2,"18",,,,,"Trojan",,,,,,,,,,,,"200 kg/ha",,
33,,19,3,"76",,,,,"Trojan",,,,,,,,,,,,"200 kg/ha",,
33,,19,4,"41",,,,,"Trojan",,,,,,,,,,,,"200 kg/ha",,
33,,20,1,"55",,,,,"Q80",,,,,,,,,,,,"200 kg/ha",,
33,,20,2,"17",,,,,"Q80",,,,,,,,,,,,"200 kg/ha",,
33,,20,3,"27",,,,,"Q80",,,,,,,,,,,,"200 kg/ha",,
33,,20,4,"90",,,,,"Q80",,,,,,,,,,,,"200 kg/ha",,
33,,21,1,"12",,,,,"Q96",,,,,,,,,,,,"250 kg/ha",,
33,,21,2,"13",,,,,"Q96",,,,,,,,,,,,"250 kg/ha",,
33,,21,3,"83",,,,,"Q96",,,,,,,,,,,,"250 kg/ha",,
33,,21,4,"45",,,,,"Q96",,,,,,,,,,,,"250 kg/ha",,
33,,22,1,"59",,,,,"Q99",,,,,,,,,,,,"250 kg/ha",,
33,,22,2,"62",,,,,"Q99",,,,,,,,,,,,"250 kg/ha",,
33,,22,3,"35",,,,,"Q99",,,,,,,,,,,,"250 kg/ha",,
33,,22,4,"93",,,,,"Q99",,,,,,,,,,,,"250 kg/ha",,
33,,23,1,"11",,,,,"Trojan",,,,,,,,,,,,"250 kg/ha",,
33,,23,2,"61",,,,,"Trojan",,,,,,,,,,,,"250 kg/ha",,
33,,23,3,"36",,,,,"Trojan",,,,,,,,,,,,"250 kg/ha",,
33,,23,4,"94",,,,,"Trojan",,,,,,,,,,,,"250 kg/ha",,
33,,24,1,"60",,,,,"Q80",,,,,,,,,,,,"250 kg/ha",,
33,,24,2,"14",,,,,"Q80",,,,,,,,,,,,"250 kg/ha",,
33,,24,3,"84",,,,,"Q80",,,,,,,,,,,,"250 kg/ha",,
33,,24,4,"46",,,,,"Q80",,,,,,,,,,,,"250 kg/ha",,
34,,1,1,"7",,,,,"Q96",,,,,,,,,,,,"O kg/ha",,
34,,1,2,"23",,,,,"Q96",,,,,,,,,,,,"O kg/ha",,
34,,1,3,"75",,,,,"Q96",,,,,,,,,,,,"O kg/ha",,
34,,1,4,"86",,,,,"Q96",,,,,,,,,,,,"O kg/ha",,
34,,2,1,"8",,,,,"Q99",,,,,,,,,,,,"O kg/ha",,
34,,2,2,"24",,,,,"Q99",,,,,,,,,,,,"O kg/ha",,
34,,2,3,"28",,,,,"Q99",,,,,,,,,,,,"O kg/ha",,
34,,2,4,"85",,,,,"Q99",,,,,,,,,,,,"O kg/ha",,
34,,3,1,"56",,,,,"Trojan",,,,,,,,,,,,"O kg/ha",,
34,,3,2,"72",,,,,"Trojan",,,,,,,,,,,,"O kg/ha",,
34,,3,3,"76",,,,,"Trojan",,,,,,,,,,,,"O kg/ha",,
34,,3,4,"38",,,,,"Trojan",,,,,,,,,,,,"O kg/ha",,
34,,4,1,"55",,,,,"Q80",,,,,,,,,,,,"O kg/ha",,
34,,4,2,"71",,,,,"Q80",,,,,,,,,,,,"O kg/ha",,
34,,4,3,"27",,,,,"Q80",,,,,,,,,,,,"O kg/ha",,
34,,4,4,"37",,,,,"Q80",,,,,,,,,,,,"O kg/ha",,
34,,5,1,"12",,,,,"Q96",,,,,,,,,,,,"50 kg/ha",,
34,,5,2,"70",,,,,"Q96",,,,,,,,,,,,"50 kg/ha",,
34,,5,3,"83",,,,,"Q96",,,,,,,,,,,,"50 kg/ha",,
34,,5,4,"96",,,,,"Q96",,,,,,,,,,,,"50 kg/ha",,
34,,6,1,"59",,,,,"Q99",,,,,,,,,,,,"50 kg/ha",,
34,,6,2,"21",,,,,"Q99",,,,,,,,,,,,"50 kg/ha",,
34,,6,3,"35",,,,,"Q99",,,,,,,,,,,,"50 kg/ha",,
34,,6,4,"48",,,,,"Q99",,,,,,,,,,,,"50 kg/ha",,
34,,7,1,"11",,,,,"Trojan",,,,,,,,,,,,"50 kg/ha",,
34,,7,2,"22",,,,,"Trojan",,,,,,,,,,,,"50 kg/ha",,
34,,7,3,"36",,,,,"Trojan",,,,,,,,,,,,"50 kg/ha",,
34,,7,4,"95",,,,,"Trojan",,,,,,,,,,,,"50 kg/ha",,
34,,8,1,"60",,,,,"Q80",,,,,,,,,,,,"50 kg/ha",,
34,,8,2,"69",,,,,"Q80",,,,,,,,,,,,"50 kg/ha",,
34,,8,3,"84",,,,,"Q80",,,,,,,,,,,,"50 kg/ha",,
34,,8,4,"47",,,,,"Q80",,,,,,,,,,,,"50 kg/ha",,
34,,9,1,"49",,,,,"Q96",,,,,,,,,,,,"100 kg/ha",,
34,,9,2,"65",,,,,"Q96",,,,,,,,,,,,"100 kg/ha",,
34,,9,3,"74",,,,,"Q96",,,,,,,,,,,,"100 kg/ha",,
34,,9,4,"42",,,,,"Q96",,,,,,,,,,,,"100 kg/ha",,
34,,10,1,"50",,,,,"Q99",,,,,,,,,,,,"100 kg/ha",,
34,,10,2,"66",,,,,"Q99",,,,,,,,,,,,"100 kg/ha",,
34,,10,3,"73",,,,,"Q99",,,,,,,,,,,,"100 kg/ha",,
34,,10,4,"89",,,,,"Q99",,,,,,,,,,,,"100 kg/ha",,
34,,11,1,"1",,,,,"Trojan",,,,,,,,,,,,"100 kg/ha",,
34,,11,2,"18",,,,,"Trojan",,,,,,,,,,,,"100 kg/ha",,
34,,11,3,"26",,,,,"Trojan",,,,,,,,,,,,"100 kg/ha",,
34,,11,4,"41",,,,,"Trojan",,,,,,,,,,,,"100 kg/ha",,
34,,12,1,"2",,,,,"Q80",,,,,,,,,,,,"100 kg/ha",,
34,,12,2,"17",,,,,"Q80",,,,,,,,,,,,"100 kg/ha",,
34,,12,3,"25",,,,,"Q80",,,,,,,,,,,,"100 kg/ha",,
34,,12,4,"90",,,,,"Q80",,,,,,,,,,,,"100 kg/ha",,
34,,13,1,"4",,,,,"Q96",,,,,,,,,,,,"150 kg/ha",,
34,,13,2,"13",,,,,"Q96",,,,,,,,,,,,"150 kg/ha",,
34,,13,3,"77",,,,,"Q96",,,,,,,,,,,,"150 kg/ha",,
34,,13,4,"45",,,,,"Q96",,,,,,,,,,,,"150 kg/ha",,
34,,14,1,"51",,,,,"Q99",,,,,,,,,,,,"150 kg/ha",,
34,,14,2,"62",,,,,"Q99",,,,,,,,,,,,"150 kg/ha",,
34,,14,3,"78",,,,,"Q99",,,,,,,,,,,,"150 kg/ha",,
34,,14,4,"93",,,,,"Q99",,,,,,,,,,,,"150 kg/ha",,
34,,15,1,"52",,,,,"Trojan",,,,,,,,,,,,"150 kg/ha",,
34,,15,2,"61",,,,,"Trojan",,,,,,,,,,,,"150 kg/ha",,
34,,15,3,"29",,,,,"Trojan",,,,,,,,,,,,"150 kg/ha",,
34,,15,4,"94",,,,,"Trojan",,,,,,,,,,,,"150 kg/ha",,
34,,16,1,"3",,,,,"Q80",,,,,,,,,,,,"150 kg/ha",,
34,,16,2,"14",,,,,"Q80",,,,,,,,,,,,"150 kg/ha",,
34,,16,3,"30",,,,,"Q80",,,,,,,,,,,,"150 kg/ha",,
34,,16,4,"46",,,,,"Q80",,,,,,,,,,,,"150 kg/ha",,
34,,17,1,"58",,,,,"Q96",,,,,,,,,,,,"200 kg/ha",,
34,,17,2,"63",,,,,"Q96",,,,,,,,,,,,"200 kg/ha",,
34,,17,3,"33",,,,,"Q96",,,,,,,,,,,,"200 kg/ha",,
34,,17,4,"44",,,,,"Q96",,,,,,,,,,,,"200 kg/ha",,
34,,18,1,"9",,,,,"Q99",,,,,,,,,,,,"200 kg/ha",,
34,,18,2,"64",,,,,"Q99",,,,,,,,,,,,"200 kg/ha",,
34,,18,3,"81",,,,,"Q99",,,,,,,,,,,,"200 kg/ha",,
34,,18,4,"43",,,,,"Q99",,,,,,,,,,,,"200 kg/ha",,
34,,19,1,"57",,,,,"Trojan",,,,,,,,,,,,"200 kg/ha",,
34,,19,2,"16",,,,,"Trojan",,,,,,,,,,,,"200 kg/ha",,
34,,19,3,"82",,,,,"Trojan",,,,,,,,,,,,"200 kg/ha",,
34,,19,4,"91",,,,,"Trojan",,,,,,,,,,,,"200 kg/ha",,
34,,20,1,"10",,,,,"Q80",,,,,,,,,,,,"200 kg/ha",,
34,,20,2,"15",,,,,"Q80",,,,,,,,,,,,"200 kg/ha",,
34,,20,3,"34",,,,,"Q80",,,,,,,,,,,,"200 kg/ha",,
34,,20,4,"92",,,,,"Q80",,,,,,,,,,,,"200 kg/ha",,
34,,21,1,"53",,,,,"Q96",,,,,,,,,,,,"250 kg/ha",,
34,,21,2,"68",,,,,"Q96",,,,,,,,,,,,"250 kg/ha",,
34,,21,3,"32",,,,,"Q96",,,,,,,,,,,,"250 kg/ha",,
34,,21,4,"87",,,,,"Q96",,,,,,,,,,,,"250 kg/ha",,
34,,22,1,"5",,,,,"Q99",,,,,,,,,,,,"250 kg/ha",,
34,,22,2,"20",,,,,"Q99",,,,,,,,,,,,"250 kg/ha",,
34,,22,3,"80",,,,,"Q99",,,,,,,,,,,,"250 kg/ha",,
34,,22,4,"88",,,,,"Q99",,,,,,,,,,,,"250 kg/ha",,
34,,23,1,"6",,,,,"Trojan",,,,,,,,,,,,"250 kg/ha",,
34,,23,2,"19",,,,,"Trojan",,,,,,,,,,,,"250 kg/ha",,
34,,23,3,"31",,,,,"Trojan",,,,,,,,,,,,"250 kg/ha",,
34,,23,4,"39",,,,,"Trojan",,,,,,,,,,,,"250 kg/ha",,
34,,24,1,"54",,,,,"Q80",,,,,,,,,,,,"250 kg/ha",,
34,,24,2,"67",,,,,"Q80",,,,,,,,,,,,"250 kg/ha",,
34,,24,3,"79",,,,,"Q80",,,,,,,,,,,,"250 kg/ha",,
34,,24,4,"40",,,,,"Q80",,,,,,,,,,,,"250 kg/ha",,
35,,1,1,"12",,,,,"Q96",,,,,,,,,,,,"O kg/ha",,
35,,1,2,"13",,,,,"Q96",,,,,,,,,,,,"O kg/ha",,
35,,1,3,"32",,,,,"Q96",,,,,,,,,,,,"O kg/ha",,
35,,1,4,"87",,,,,"Q96",,,,,,,,,,,,"O kg/ha",,
35,,2,1,"59",,,,,"Q99",,,,,,,,,,,,"O kg/ha",,
35,,2,2,"62",,,,,"Q99",,,,,,,,,,,,"O kg/ha",,
35,,2,3,"80",,,,,"Q99",,,,,,,,,,,,"O kg/ha",,
35,,2,4,"88",,,,,"Q99",,,,,,,,,,,,"O kg/ha",,
35,,3,1,"11",,,,,"Trojan",,,,,,,,,,,,"O kg/ha",,
35,,3,2,"61",,,,,"Trojan",,,,,,,,,,,,"O kg/ha",,
35,,3,3,"31",,,,,"Trojan",,,,,,,,,,,,"O kg/ha",,
35,,3,4,"39",,,,,"Trojan",,,,,,,,,,,,"O kg/ha",,
35,,4,1,"60",,,,,"Q80",,,,,,,,,,,,"O kg/ha",,
35,,4,2,"14",,,,,"Q80",,,,,,,,,,,,"O kg/ha",,
35,,4,3,"79",,,,,"Q80",,,,,,,,,,,,"O kg/ha",,
35,,4,4,"40",,,,,"Q80",,,,,,,,,,,,"O kg/ha",,
35,,5,1,"49",,,,,"Q96",,,,,,,,,,,,"50 kg/ha",,
35,,5,2,"63",,,,,"Q96",,,,,,,,,,,,"50 kg/ha",,
35,,5,3,"75",,,,,"Q96",,,,,,,,,,,,"50 kg/ha",,
35,,5,4,"86",,,,,"Q96",,,,,,,,,,,,"50 kg/ha",,
35,,6,1,"50",,,,,"Q99",,,,,,,,,,,,"50 kg/ha",,
35,,6,2,"64",,,,,"Q99",,,,,,,,,,,,"50 kg/ha",,
35,,6,3,"28",,,,,"Q99",,,,,,,,,,,,"50 kg/ha",,
35,,6,4,"85",,,,,"Q99",,,,,,,,,,,,"50 kg/ha",,
35,,7,1,"1",,,,,"Trojan",,,,,,,,,,,,"50 kg/ha",,
35,,7,2,"16",,,,,"Trojan",,,,,,,,,,,,"50 kg/ha",,
35,,7,3,"76",,,,,"Trojan",,,,,,,,,,,,"50 kg/ha",,
35,,7,4,"38",,,,,"Trojan",,,,,,,,,,,,"50 kg/ha",,
35,,8,1,"2",,,,,"Q80",,,,,,,,,,,,"50 kg/ha",,
35,,8,2,"15",,,,,"Q80",,,,,,,,,,,,"50 kg/ha",,
35,,8,3,"27",,,,,"Q80",,,,,,,,,,,,"50 kg/ha",,
35,,8,4,"37",,,,,"Q80",,,,,,,,,,,,"50 kg/ha",,
35,,9,1,"4",,,,,"Q96",,,,,,,,,,,,"100 kg/ha",,
35,,9,2,"68",,,,,"Q96",,,,,,,,,,,,"100 kg/ha",,
35,,9,3,"83",,,,,"Q96",,,,,,,,,,,,"100 kg/ha",,
35,,9,4,"96",,,,,"Q96",,,,,,,,,,,,"100 kg/ha",,
35,,10,1,"51",,,,,"Q99",,,,,,,,,,,,"100 kg/ha",,
35,,10,2,"20",,,,,"Q99",,,,,,,,,,,,"100 kg/ha",,
35,,10,3,"35",,,,,"Q99",,,,,,,,,,,,"100 kg/ha",,
35,,10,4,"48",,,,,"Q99",,,,,,,,,,,,"100 kg/ha",,
35,,11,1,"52",,,,,"Trojan",,,,,,,,,,,,"100 kg/ha",,
35,,11,2,"19",,,,,"Trojan",,,,,,,,,,,,"100 kg/ha",,
35,,11,3,"36",,,,,"Trojan",,,,,,,,,,,,"100 kg/ha",,
35,,11,4,"95",,,,,"Trojan",,,,,,,,,,,,"100 kg/ha",,
35,,12,1,"3",,,,,"Q80",,,,,,,,,,,,"100 kg/ha",,
35,,12,2,"67",,,,,"Q80",,,,,,,,,,,,"100 kg/ha",,
35,,12,3,"84",,,,,"Q80",,,,,,,,,,,,"100 kg/ha",,
35,,12,4,"47",,,,,"Q80",,,,,,,,,,,,"100 kg/ha",,
35,,13,1,"58",,,,,"Q96",,,,,,,,,,,,"150 kg/ha",,
35,,13,2,"23",,,,,"Q96",,,,,,,,,,,,"150 kg/ha",,
35,,13,3,"74",,,,,"Q96",,,,,,,,,,,,"150 kg/ha",,
35,,13,4,"42",,,,,"Q96",,,,,,,,,,,,"150 kg/ha",,
35,,14,1,"9",,,,,"Q99",,,,,,,,,,,,"150 kg/ha",,
35,,14,2,"24",,,,,"Q99",,,,,,,,,,,,"150 kg/ha",,
35,,14,3,"73",,,,,"Q99",,,,,,,,,,,,"150 kg/ha",,
35,,14,4,"89",,,,,"Q99",,,,,,,,,,,,"150 kg/ha",,
35,,15,1,"57",,,,,"Trojan",,,,,,,,,,,,"150 kg/ha",,
35,,15,2,"72",,,,,"Trojan",,,,,,,,,,,,"150 kg/ha",,
35,,15,3,"26",,,,,"Trojan",,,,,,,,,,,,"150 kg/ha",,
35,,15,4,"41",,,,,"Trojan",,,,,,,,,,,,"150 kg/ha",,
35,,16,1,"10",,,,,"Q80",,,,,,,,,,,,"150 kg/ha",,
35,,16,2,"71",,,,,"Q80",,,,,,,,,,,,"150 kg/ha",,
35,,16,3,"25",,,,,"Q80",,,,,,,,,,,,"150 kg/ha",,
35,,16,4,"90",,,,,"Q80",,,,,,,,,,,,"150 kg/ha",,
35,,17,1,"53",,,,,"Q96",,,,,,,,,,,,"200 kg/ha",,
35,,17,2,"70",,,,,"Q96",,,,,,,,,,,,"200 kg/ha",,
35,,17,3,"77",,,,,"Q96",,,,,,,,,,,,"200 kg/ha",,
35,,17,4,"45",,,,,"Q96",,,,,,,,,,,,"200 kg/ha",,
35,,18,1,"5",,,,,"Q99",,,,,,,,,,,,"200 kg/ha",,
35,,18,2,"21",,,,,"Q99",,,,,,,,,,,,"200 kg/ha",,
35,,18,3,"78",,,,,"Q99",,,,,,,,,,,,"200 kg/ha",,
35,,18,4,"93",,,,,"Q99",,,,,,,,,,,,"200 kg/ha",,
35,,19,1,"6",,,,,"Trojan",,,,,,,,,,,,"200 kg/ha",,
35,,19,2,"22",,,,,"Trojan",,,,,,,,,,,,"200 kg/ha",,
35,,19,3,"29",,,,,"Trojan",,,,,,,,,,,,"200 kg/ha",,
35,,19,4,"94",,,,,"Trojan",,,,,,,,,,,,"200 kg/ha",,
35,,20,1,"54",,,,,"Q80",,,,,,,,,,,,"200 kg/ha",,
35,,20,2,"69",,,,,"Q80",,,,,,,,,,,,"200 kg/ha",,
35,,20,3,"30",,,,,"Q80",,,,,,,,,,,,"200 kg/ha",,
35,,20,4,"46",,,,,"Q80",,,,,,,,,,,,"200 kg/ha",,
35,,21,1,"7",,,,,"Q96",,,,,,,,,,,,"250 kg/ha",,
35,,21,2,"65",,,,,"Q96",,,,,,,,,,,,"250 kg/ha",,
35,,21,3,"33",,,,,"Q96",,,,,,,,,,,,"250 kg/ha",,
35,,21,4,"44",,,,,"Q96",,,,,,,,,,,,"250 kg/ha",,
35,,22,1,"8",,,,,"Q99",,,,,,,,,,,,"250 kg/ha",,
35,,22,2,"66",,,,,"Q99",,,,,,,,,,,,"250 kg/ha",,
35,,22,3,"81",,,,,"Q99",,,,,,,,,,,,"250 kg/ha",,
35,,22,4,"43",,,,,"Q99",,,,,,,,,,,,"250 kg/ha",,
35,,23,1,"56",,,,,"Trojan",,,,,,,,,,,,"250 kg/ha",,
35,,23,2,"18",,,,,"Trojan",,,,,,,,,,,,"250 kg/ha",,
35,,23,3,"82",,,,,"Trojan",,,,,,,,,,,,"250 kg/ha",,
35,,23,4,"91",,,,,"Trojan",,,,,,,,,,,,"250 kg/ha",,
35,,24,1,"55",,,,,"Q80",,,,,,,,,,,,"250 kg/ha",,
35,,24,2,"17",,,,,"Q80",,,,,,,,,,,,"250 kg/ha",,
35,,24,3,"34",,,,,"Q80",,,,,,,,,,,,"250 kg/ha",,
35,,24,4,"92",,,,,"Q80",,,,,,,,,,,,"250 kg/ha",,
36,,1,1,"1a",,,,,,,,,,,,,,,,,,"Yr1 O kg/ha - Yr2 0 kg/ha",
36,,1,2,"5a",,,,,,,,,,,,,,,,,,"Yr1 O kg/ha - Yr2 0 kg/ha",
36,,2,1,"1b",,,,,,,,,,,,,,,,,,"Yr1 0 kg/ha - Yr2 170 kg/ha",
36,,2,2,"5b",,,,,,,,,,,,,,,,,,"Yr1 0 kg/ha - Yr2 170 kg/ha",
36,,3,1,"2a",,,,,,,,,,,,,,,,,,"Yr1 170 kg/ha - Yr2 0 kg/ha",
36,,3,2,"6a",,,,,,,,,,,,,,,,,,"Yr1 170 kg/ha - Yr2 0 kg/ha",
36,,4,1,"2b",,,,,,,,,,,,,,,,,,"Yr1 170 kg/ha - Yr2 170 kg/ha",
36,,4,2,"6b",,,,,,,,,,,,,,,,,,"Yr1 170 kg/ha - Yr2 170 kg/ha",
36,,5,1,"3a",,,,,,,,,,,,,,,,,,"Yr1 340 kg/ha - Yr2 0 kg/ha",
36,,5,2,"7a",,,,,,,,,,,,,,,,,,"Yr1 340 kg/ha - Yr2 0 kg/ha",
36,,6,1,"3b",,,,,,,,,,,,,,,,,,"Yr1 340 kg/ha - Yr2 170 kg/ha",
36,,6,2,"7b",,,,,,,,,,,,,,,,,,"Yr1 340 kg/ha - Yr2 170 kg/ha",
36,,7,1,"4a",,,,,,,,,,,,,,,,,,"Yr1 450 kg/ha - Yr2 0 kg/ha",
36,,7,2,"8a",,,,,,,,,,,,,,,,,,"Yr1 450 kg/ha - Yr2 0 kg/ha",
36,,8,1,"4b",,,,,,,,,,,,,,,,,,"Yr1 450 kg/ha - Yr2 450 kg/ha",
36,,8,2,"8b",,,,,,,,,,,,,,,,,,"Yr1 450 kg/ha - Yr2 450 kg/ha",
37,,1,1,"355",,,,,"Q117",,,,,,,,,,,,"0 kgN/ha",,
37,,1,2,"358",,,,,"Q117",,,,,,,,,,,,"0 kgN/ha",,
37,,2,1,"352",,,,,"Q117",,,,,,,,,,,,"200 kgN/ha",,
37,,2,2,"353",,,,,"Q117",,,,,,,,,,,,"200 kgN/ha",,
37,,3,1,"356",,,,,"Q138",,,,,,,,,,,,"0 kgN/ha",,
37,,3,2,"357",,,,,"Q138",,,,,,,,,,,,"0 kgN/ha",,
37,,4,1,"351",,,,,"Q138",,,,,,,,,,,,"200 kgN/ha",,
37,,4,2,"354",,,,,"Q138",,,,,,,,,,,,"200 kgN/ha",,
40,,1,1,"503",,,,,,,,,,,,,,"Fully Irrigated",,,,,
40,,1,2,"505",,,,,,,,,,,,,,"Fully Irrigated",,,,,
40,,1,3,"511",,,,,,,,,,,,,,"Fully Irrigated",,,,,
40,,1,4,"513",,,,,,,,,,,,,,"Fully Irrigated",,,,,
40,,2,1,"501",,,,,,,,,,,,,,"Post wet 2 meg",,,,,
40,,2,2,"508",,,,,,,,,,,,,,"Post wet 2 meg",,,,,
40,,2,3,"510",,,,,,,,,,,,,,"Post wet 2 meg",,,,,
40,,2,4,"516",,,,,,,,,,,,,,"Post wet 2 meg",,,,,
40,,3,1,"502",,,,,,,,,,,,,,"Not implemented Rainfed",,,,,
40,,3,2,"506",,,,,,,,,,,,,,"Not implemented Rainfed",,,,,
40,,3,3,"509",,,,,,,,,,,,,,"Not implemented Rainfed",,,,,
40,,3,4,"515",,,,,,,,,,,,,,"Not implemented Rainfed",,,,,
40,,4,1,"504",,,,,,,,,,,,,,"Rainfed",,,,,
40,,4,2,"507",,,,,,,,,,,,,,"Rainfed",,,,,
40,,4,3,"512",,,,,,,,,,,,,,"Rainfed",,,,,
40,,4,4,"514",,,,,,,,,,,,,,"Rainfed",,,,,
41,,1,1,"504",,,,,,,,,,,,,,"Dried from April till August",,,,,
41,,1,2,"506",,,,,,,,,,,,,,"Dried from April till August",,,,,
41,,1,3,"508",,,,,,,,,,,,,,"Dried from April till August",,,,,
41,,1,4,"512",,,,,,,,,,,,,,"Dried from April till August",,,,,
41,,2,1,"503",,,,,,,,,,,,,,"Dried from August till November",,,,,
41,,2,2,"507",,,,,,,,,,,,,,"Dried from August till November",,,,,
41,,2,3,"511",,,,,,,,,,,,,,"Dried from August till November",,,,,
41,,2,4,"513",,,,,,,,,,,,,,"Dried from August till November",,,,,
41,,3,1,"505",,,,,,,,,,,,,,"Well watered control",,,,,
41,,3,2,"509",,,,,,,,,,,,,,"Well watered control",,,,,
41,,3,3,"510",,,,,,,,,,,,,,"Well watered control",,,,,
41,,3,4,"514",,,,,,,,,,,,,,"Well watered control",,,,,
42,,1,1,"402",,,,,,,,,,,,,,"5 weeks drying off",,,,,
42,,1,2,"406",,,,,,,,,,,,,,"5 weeks drying off",,,,,
42,,1,3,"407",,,,,,,,,,,,,,"5 weeks drying off",,,,,
42,,2,1,"401",,,,,,,,,,,,,,"8 weeks drying off",,,,,
42,,2,2,"405",,,,,,,,,,,,,,"8 weeks drying off",,,,,
42,,2,3,"409",,,,,,,,,,,,,,"8 weeks drying off",,,,,
42,,3,1,"403",,,,,,,,,,,,,,"12 weeks drying off",,,,,
42,,3,2,"404",,,,,,,,,,,,,,"12 weeks drying off",,,,,
42,,3,3,"408",,,,,,,,,,,,,,"12 weeks drying off",,,,,
43,,1,1,"502",,,,,,,,,,,,,,"4 weeks drying-off",,,,,
43,,1,2,"506",,,,,,,,,,,,,,"4 weeks drying-off",,,,,
43,,1,3,"507",,,,,,,,,,,,,,"4 weeks drying-off",,,,,
43,,1,4,"512",,,,,,,,,,,,,,"4 weeks drying-off",,,,,
43,,2,1,"501",,,,,,,,,,,,,,"9 followed by 4 weeks drying-off",,,,,
43,,2,2,"505",,,,,,,,,,,,,,"9 followed by 4 weeks drying-off",,,,,
43,,2,3,"511",,,,,,,,,,,,,,"9 followed by 4 weeks drying-off",,,,,
43,,2,4,"515",,,,,,,,,,,,,,"9 followed by 4 weeks drying-off",,,,,
43,,3,1,"503",,,,,,,,,,,,,,"13 weeks drying-off",,,,,
43,,3,2,"504",,,,,,,,,,,,,,"13 weeks drying-off",,,,,
43,,3,3,"508",,,,,,,,,,,,,,"13 weeks drying-off",,,,,
43,,3,4,"513",,,,,,,,,,,,,,"13 weeks drying-off",,,,,
44,,1,1,"521",,,,,,,,,,,,,,"Full irrigation",,,,,
44,,1,2,"522",,,,,,,,,,,,,,"Full irrigation",,,,,
44,,2,1,"523",,,,,,,,,,,,,,"Medium irrigation",,,,,
44,,2,2,"524",,,,,,,,,,,,,,"Medium irrigation",,,,,
44,,3,1,"525",,,,,,,,,,,,,,"Rainfed",,,,,
44,,3,2,"526",,,,,,,,,,,,,,"Rainfed",,,,,
45,,1,1,"605",,,,,,,,,,,,,,"Well-watered",,,,,
45,,1,2,"608",,,,,,,,,,,,,,"Well-watered",,,,,
45,,1,3,"610",,,,,,,,,,,,,,"Well-watered",,,,,
45,,1,4,"614",,,,,,,,,,,,,,"Well-watered",,,,,
45,,2,1,"604",,,,,,,,,,,,,,"Dried from July till November",,,,,
45,,2,2,"606",,,,,,,,,,,,,,"Dried from July till November",,,,,
45,,2,3,"609",,,,,,,,,,,,,,"Dried from July till November",,,,,
45,,2,4,"612",,,,,,,,,,,,,,"Dried from July till November",,,,,
45,,3,1,"603",,,,,,,,,,,,,,"Dried from November till January",,,,,
45,,3,2,"607",,,,,,,,,,,,,,"Dried from November till January",,,,,
45,,3,3,"611",,,,,,,,,,,,,,"Dried from November till January",,,,,
45,,3,4,"613",,,,,,,,,,,,,,"Dried from November till January",,,,,
201,,1,1,"20102",,,,,,,,,,,,,,,"Normal Management",,,,
201,,1,2,"20104",,,,,,,,,,,,,,,"Normal Management",,,,
201,,1,3,"20108",,,,,,,,,,,,,,,"Normal Management",,,,
201,,2,1,"20101",,,,,,,,,,,,,,,"Scaffolding to prevent Lodging",,,,
201,,2,2,"20105",,,,,,,,,,,,,,,"Scaffolding to prevent Lodging",,,,
201,,2,3,"20107",,,,,,,,,,,,,,,"Scaffolding to prevent Lodging",,,,
201,,3,1,"20103",,,,,,,,,,,,,,,"Late Crop",,,,
201,,3,2,"20106",,,,,,,,,,,,,,,"Late Crop",,,,
201,,3,3,"20109",,,,,,,,,,,,,,,"Late Crop",,,,
202,,1,1,"20202",,,,,,,,,,,,,,,"Normal Management",,,,
202,,1,2,"20205",,,,,,,,,,,,,,,"Normal Management",,,,
202,,1,3,"20207",,,,,,,,,,,,,,,"Normal Management",,,,
202,,2,1,"20201",,,,,,,,,,,,,,,"Scaffolding to prevent Lodging",,,,
202,,2,2,"20204",,,,,,,,,,,,,,,"Scaffolding to prevent Lodging",,,,
202,,2,3,"20208",,,,,,,,,,,,,,,"Scaffolding to prevent Lodging",,,,
202,,3,1,"20203",,,,,,,,,,,,,,,"Late Crop",,,,
202,,3,2,"20206",,,,,,,,,,,,,,,"Late Crop",,,,
202,,3,3,"20209",,,,,,,,,,,,,,,"Late Crop",,,,
203,,1,1,"20301",,,,,,,,,,,,,,,"Normal Management",,,,
203,,1,2,"20304",,,,,,,,,,,,,,,"Normal Management",,,,
203,,1,3,"20305",,,,,,,,,,,,,,,"Normal Management",,,,
203,,3,1,"20302",,,,,,,,,,,,,,,"Late Crop",,,,
203,,3,2,"20303",,,,,,,,,,,,,,,"Late Crop",,,,
203,,3,3,"20306",,,,,,,,,,,,,,,"Late Crop",,,,
301,,1,1,"4",,,,,"NCo376",,,,,,,,,,,,,,
301,,1,2,"31",,,,,"NCo376",,,,,,,,,,,,,,
301,,2,1,"3",,,,,"N12",,,,,,,,,,,,,,
301,,2,2,"32",,,,,"N12",,,,,,,,,,,,,,
302,,1,1,"1",,,,,"NCo376",,,,,,,,,,,,,,
302,,1,2,"28",,,,,"NCo376",,,,,,,,,,,,,,
302,,2,1,"2",,,,,"N12",,,,,,,,,,,,,,
302,,2,2,"27",,,,,"N12",,,,,,,,,,,,,,
303,,1,1,"8",,,,,"NCo376",,,,,,,,,,,,,,
303,,1,2,"26",,,,,"NCo376",,,,,,,,,,,,,,
303,,2,1,"7",,,,,"N12",,,,,,,,,,,,,,
303,,2,2,"25",,,,,"N12",,,,,,,,,,,,,,
304,,1,1,"5",,,,,"NCo376",,,,,,,,,,,,,,
304,,1,2,"11",,,,,"NCo376",,,,,,,,,,,,,,
304,,2,1,"6",,,,,"N12",,,,,,,,,,,,,,
304,,2,2,"12",,,,,"N12",,,,,,,,,,,,,,
305,,1,1,"20",,,,,"NCo376",,,,,,,,,,,,,,
305,,1,2,"21",,,,,"NCo376",,,,,,,,,,,,,,
305,,2,1,"19",,,,,"N12",,,,,,,,,,,,,,
305,,2,2,"22",,,,,"N12",,,,,,,,,,,,,,
306,,1,1,"15",,,,,"NCo376",,,,,,,,,,,,,,
306,,1,2,"24",,,,,"NCo376",,,,,,,,,,,,,,
306,,2,1,"16",,,,,"N12",,,,,,,,,,,,,,
306,,2,2,"23",,,,,"N12",,,,,,,,,,,,,,
307,,1,1,"14",,,,,"NCo376",,,,,,,,,,,,,,
307,,1,2,"30",,,,,"NCo376",,,,,,,,,,,,,,
307,,2,1,"13",,,,,"N12",,,,,,,,,,,,,,
307,,2,2,"29",,,,,"N12",,,,,,,,,,,,,,
308,,1,1,"9",,,,,"NCo376",,,,,,,,,,,,,,
308,,1,2,"17",,,,,"NCo376",,,,,,,,,,,,,,
308,,2,1,"10",,,,,"N12",,,,,,,,,,,,,,
308,,2,2,"18",,,,,"N12",,,,,,,,,,,,,,
309,,1,1,"1",,,,,,,,,,,,,,"Irrigated",,,,,
310,,1,,"1",,,,,,,,,,,,,,"Irrigated",,,,,
311,,1,1,"1",,,,,"NCo376",,,,,,,,,,,,,,
311,,1,2,"18",,,,,"NCo376",,,,,,,,,,,,,,
311,,2,1,"9",,,,,"N12",,,,,,,,,,,,,,
311,,2,2,"28",,,,,"N12",,,,,,,,,,,,,,
311,,3,1,"11",,,,,"N16",,,,,,,,,,,,,,
311,,3,2,"27",,,,,"N16",,,,,,,,,,,,,,
311,,4,1,"2",,,,,"N17",,,,,,,,,,,,,,
311,,4,2,"30",,,,,"N17",,,,,,,,,,,,,,
311,,5,1,"3",,,,,"N19",,,,,,,,,,,,,,
311,,5,2,"29",,,,,"N19",,,,,,,,,,,,,,
312,,1,1,"8",,,,,"NCo376",,,,,,,,,,,,,,
312,,1,2,"31",,,,,"NCo376",,,,,,,,,,,,,,
312,,2,1,"14",,,,,"N12",,,,,,,,,,,,,,
312,,2,2,"25",,,,,"N12",,,,,,,,,,,,,,
312,,3,1,"4",,,,,"N16",,,,,,,,,,,,,,
312,,3,2,"32",,,,,"N16",,,,,,,,,,,,,,
312,,4,1,"13",,,,,"N17",,,,,,,,,,,,,,
312,,4,2,"19",,,,,"N17",,,,,,,,,,,,,,
312,,5,1,"7",,,,,"N19",,,,,,,,,,,,,,
312,,5,2,"26",,,,,"N19",,,,,,,,,,,,,,
313,,1,1,"5",,,,,"NCo376",,,,,,,,,,,,,,
313,,1,2,"21",,,,,"NCo376",,,,,,,,,,,,,,
313,,2,1,"17",,,,,"N12",,,,,,,,,,,,,,
313,,2,2,"23",,,,,"N12",,,,,,,,,,,,,,
313,,3,1,"15",,,,,"N16",,,,,,,,,,,,,,
313,,3,2,"24",,,,,"N16",,,,,,,,,,,,,,
313,,4,1,"16",,,,,"N17",,,,,,,,,,,,,,
313,,4,2,"22",,,,,"N17",,,,,,,,,,,,,,
313,,5,1,"6",,,,,"N19",,,,,,,,,,,,,,
313,,5,2,"20",,,,,"N19",,,,,,,,,,,,,,
314,,1,1,"1","Plant crop",,,,,,,,,,,,,,,,,,
314,,2,1,"2","1st Ratoon",,,,,,,,,,,,,,,,,,
316,,1,1,"1",,,,,,,,,,,,,,,,,,,"15/10/92"
316,,1,2,"2",,,,,,,,,,,,,,,,,,,"15/10/92"
316,,2,1,"3",,,,,,,,,,,,,,,,,,,"14/10/93"
316,,2,2,"4",,,,,,,,,,,,,,,,,,,"14/10/93"
316,,3,1,"5",,,,,,,,,,,,,,,,,,,"30/6/94"
316,,3,2,"6",,,,,,,,,,,,,,,,,,,"30/6/94"
433,,1,1,"1",,,,,"zzz",,,,,,,,,,,,,,
434,,1,1,"1",,,,,"yyy",,,,,,,,,,,,,,
440,,1,1,"44001",,,,,,,"Drying-Off for 24 days",,,,,,,,,,,,
440,,1,2,"44006",,,,,,,"Drying-Off for 24 days",,,,,,,,,,,,
440,,1,3,"44008",,,,,,,"Drying-Off for 24 days",,,,,,,,,,,,
440,,2,1,"44002",,,,,,,"Drying-Off for 47 days",,,,,,,,,,,,
440,,2,2,"44004",,,,,,,"Drying-Off for 47 days",,,,,,,,,,,,
440,,2,3,"44009",,,,,,,"Drying-Off for 47 days",,,,,,,,,,,,
440,,3,1,"44003",,,,,,,"Drying-Off for 80 days",,,,,,,,,,,,
440,,3,2,"44005",,,,,,,"Drying-Off for 80 days",,,,,,,,,,,,
440,,3,3,"44007",,,,,,,"Drying-Off for 80 days",,,,,,,,,,,,
441,,1,1,"44101",,,,,,"Drying-Off for 40 days",,,,,,,,,,,,,
441,,1,2,"44106",,,,,,"Drying-Off for 40 days",,,,,,,,,,,,,
441,,1,3,"44108",,,,,,"Drying-Off for 40 days",,,,,,,,,,,,,
441,,2,1,"44102",,,,,,"Drying-Off for 54 days",,,,,,,,,,,,,
441,,2,2,"44104",,,,,,"Drying-Off for 54 days",,,,,,,,,,,,,
441,,2,3,"44109",,,,,,"Drying-Off for 54 days",,,,,,,,,,,,,
441,,3,1,"44103",,,,,,"Drying-Off for 68 days",,,,,,,,,,,,,
441,,3,2,"44105",,,,,,"Drying-Off for 68 days",,,,,,,,,,,,,
441,,3,3,"44107",,,,,,"Drying-Off for 68 days",,,,,,,,,,,,,
442,,1,1,"44201",,,,,,"Drying-Off for 20 days",,,,,,,,,,,,,
442,,1,2,"44206",,,,,,"Drying-Off for 20 days",,,,,,,,,,,,,
442,,1,3,"44208",,,,,,"Drying-Off for 20 days",,,,,,,,,,,,,
442,,2,1,"44202",,,,,,"Drying-Off for 37 days",,,,,,,,,,,,,
442,,2,2,"44204",,,,,,"Drying-Off for 37 days",,,,,,,,,,,,,
442,,2,3,"44209",,,,,,"Drying-Off for 37 days",,,,,,,,,,,,,
442,,3,1,"44203",,,,,,"Drying-Off for 37 days",,,,,,,,,,,,,
442,,3,2,"44205",,,,,,"Drying-Off for 37 days",,,,,,,,,,,,,
442,,3,3,"44207",,,,,,"Drying-Off for 37 days",,,,,,,,,,,,,
443,,1,1,"44301",,,,,,,"Drying-Off for 38 days",,,,,,,,,,,,
443,,1,2,"44306",,,,,,,"Drying-Off for 38 days",,,,,,,,,,,,
443,,1,3,"44308",,,,,,,"Drying-Off for 38 days",,,,,,,,,,,,
443,,2,1,"44302",,,,,,,"Drying-Off for 52 days",,,,,,,,,,,,
443,,2,2,"44304",,,,,,,"Drying-Off for 52 days",,,,,,,,,,,,
443,,2,3,"44309",,,,,,,"Drying-Off for 52 days",,,,,,,,,,,,
443,,3,1,"44303",,,,,,,"Drying-Off for 66 days",,,,,,,,,,,,
443,,3,2,"44305",,,,,,,"Drying-Off for 66 days",,,,,,,,,,,,
443,,3,3,"44307",,,,,,,"Drying-Off for 66 days",,,,,,,,,,,,
444,,1,1,"44401",,,,,,,,,,,,,,"at 60mm pan evaporation",,,,,
444,,1,2,"44406",,,,,,,,,,,,,,"at 60mm pan evaporation",,,,,
444,,1,3,"44408",,,,,,,,,,,,,,"at 60mm pan evaporation",,,,,
444,,2,1,"44402",,,,,,,,,,,,,,"at 120mm pan evaporation",,,,,
444,,2,2,"44404",,,,,,,,,,,,,,"at 120mm pan evaporation",,,,,
444,,2,3,"44409",,,,,,,,,,,,,,"at 120mm pan evaporation",,,,,
444,,3,1,"44403",,,,,,,,,,,,,,"at 180mm pan evaporation",,,,,
444,,3,2,"44405",,,,,,,,,,,,,,"at 180mm pan evaporation",,,,,
444,,3,3,"44407",,,,,,,,,,,,,,"at 180mm pan evaporation",,,,,
445,,1,1,"44501",,,,,,,,,,,,,,"at 79mm Soil water deficit",,,,,
445,,1,2,"44506",,,,,,,,,,,,,,"at 79mm Soil water deficit",,,,,
445,,1,3,"44508",,,,,,,,,,,,,,"at 79mm Soil water deficit",,,,,
445,,2,1,"44502",,,,,,,,,,,,,,"at 123mm Soil water deficit",,,,,
445,,2,2,"44504",,,,,,,,,,,,,,"at 123mm Soil water deficit",,,,,
445,,2,3,"44509",,,,,,,,,,,,,,"at 123mm Soil water deficit",,,,,
445,,3,1,"44503",,,,,,,,,,,,,,"at 191mm Soil water deficit",,,,,
445,,3,2,"44505",,,,,,,,,,,,,,"at 191mm Soil water deficit",,,,,
445,,3,3,"44507",,,,,,,,,,,,,,"at 191mm Soil water deficit",,,,,
501,,1,1,"1",,,,,"H73-6110",,,,,,,,,,,,,,
501,,1,2,"3",,,,,"H73-6110",,,,,,,,,,,,,,
501,,1,3,"5",,,,,"H73-6110",,,,,,,,,,,,,,
501,,2,1,"2",,,,,"H78-7234",,,,,,,,,,,,,,
501,,2,2,"4",,,,,"H78-7234",,,,,,,,,,,,,,
501,,2,3,"6",,,,,"H78-7234",,,,,,,,,,,,,,
502,,1,1,"1",,,,,"H73-6110",,,,,,,,,,,,,,
502,,1,2,"3",,,,,"H73-6110",,,,,,,,,,,,,,
502,,1,3,"5",,,,,"H73-6110",,,,,,,,,,,,,,
502,,2,1,"2",,,,,"H78-7234",,,,,,,,,,,,,,
502,,2,2,"4",,,,,"H78-7234",,,,,,,,,,,,,,
502,,2,3,"6",,,,,"H78-7234",,,,,,,,,,,,,,
503,,1,1,"301",,,,,,,,,,,,,,,,,"150 kg/ha N",,
503,,2,1,"302",,,,,,,,,,,,,,,,,"300 kg/ha N",,
503,,3,1,"303",,,,,,,,,,,,,,,,,"724 kg/ha N",,
505,,1,1,"100",,,,,,,,,,,,,,,,,"0 kg/ha",,
505,,2,1,"101",,,,,,,,,,,,,,,,,"112 kg/ha",,
505,,3,1,"102",,,,,,,,,,,,,,,,,"180 kg/ha (final 23/6/41)",,
505,,4,1,"103",,,,,,,,,,,,,,,,,"180 kg/ha (final 17/3/41)",,
505,,5,1,"104",,,,,,,,,,,,,,,,,"247 kg/ha",,
506,,1,1,"200",,,,,,,,,,,,,,,,,"0 kg/ha",,
506,,2,1,"201",,,,,,,,,,,,,,,,,"112 kg/ha",,
506,,3,1,"202",,,,,,,,,,,,,,,,,"180 kg/ha (final 27/4/43)",,
506,,4,1,"203",,,,,,,,,,,,,,,,,"180 kg/ha (final 23/10/42)",,
506,,5,1,"204",,,,,,,,,,,,,,,,,"247 kg/ha",,
508,,1,1,"800",,,,,,,,,,,,,,,,,"0 kg/ha",,
508,,2,1,"801",,,,,,,,,,,,,,,,,"112 kg/ha",,
508,,3,1,"802",,,,,,,,,,,,,,,,,"180 kg/ha",,
508,,4,1,"803",,,,,,,,,,,,,,,,,"247 kg/ha",,
509,,1,1,"900",,,,,,,,,,,,,,,,,"0 kg/ha",,
509,,2,1,"901",,,,,,,,,,,,,,,,,"112 kg/ha",,
509,,3,1,"902",,,,,,,,,,,,,,,,,"180 kg/ha",,
509,,4,1,"903",,,,,,,,,,,,,,,,,"247 kg/ha",,
601,,1,1,"60107",,,,,"Q120",,,,,,,"Pre season",,,,,,,
601,,1,2,"60111",,,,,"Q120",,,,,,,"Pre season",,,,,,,
601,,2,1,"60108",,,,,"Q120",,,,,,,"Early",,,,,,,
601,,2,2,"60112",,,,,"Q120",,,,,,,"Early",,,,,,,
601,,3,1,"60109",,,,,"Q120",,,,,,,"Late",,,,,,,
601,,3,2,"60110",,,,,"Q120",,,,,,,"Late",,,,,,,
601,,4,1,"60102",,,,,"Q124",,,,,,,"Pre season",,,,,,,
601,,4,2,"60106",,,,,"Q124",,,,,,,"Pre season",,,,,,,
601,,5,1,"60101",,,,,"Q124",,,,,,,"Early",,,,,,,
601,,5,2,"60105",,,,,"Q124",,,,,,,"Early",,,,,,,
601,,6,1,"60103",,,,,"Q124",,,,,,,"Late",,,,,,,
601,,6,2,"60104",,,,,"Q124",,,,,,,"Late",,,,,,,
602,,1,1,"60207",,,,"May","Q120",,,,,,,,,,,,,,
602,,1,2,"60211",,,,"May","Q120",,,,,,,,,,,,,,
602,,2,1,"60208",,,,"June","Q120",,,,,,,,,,,,,,
602,,2,2,"60212",,,,"June","Q120",,,,,,,,,,,,,,
602,,3,1,"60209",,,,"November","Q120",,,,,,,,,,,,,,
602,,3,2,"60210",,,,"November","Q120",,,,,,,,,,,,,,
602,,4,1,"60202",,,,"May","Q124",,,,,,,,,,,,,,
602,,4,2,"60206",,,,"May","Q124",,,,,,,,,,,,,,
602,,5,1,"60201",,,,"June","Q124",,,,,,,,,,,,,,
602,,5,2,"60205",,,,"June","Q124",,,,,,,,,,,,,,
602,,6,1,"60203",,,,"November","Q124",,,,,,,,,,,,,,
602,,6,2,"60204",,,,"November","Q124",,,,,,,,,,,,,,
607,,1,1,"60701",,,,,"Q120",,,,,,,"Early",,,,,,,
607,,1,2,"60707",,,,,"Q120",,,,,,,"Early",,,,,,,
607,,2,1,"60703",,,,,"Q120",,,,,,,"Late",,,,,,,
607,,2,2,"60705",,,,,"Q120",,,,,,,"Late",,,,,,,
607,,3,1,"60702",,,,,"Q152",,,,,,,"Early",,,,,,,
607,,3,2,"60708",,,,,"Q152",,,,,,,"Early",,,,,,,
607,,4,1,"60704",,,,,"Q152",,,,,,,"Late",,,,,,,
607,,4,2,"60706",,,,,"Q152",,,,,,,"Late",,,,,,,
608,,1,1,"60801",,,,"June",,,,,,,,,,,,,,,
608,,1,2,"60805",,,,"June",,,,,,,,,,,,,,,
608,,2,1,"60803",,,,"November",,,,,,,,,,,,,,,
608,,2,2,"60807",,,,"November",,,,,,,,,,,,,,,
608,,3,1,"60802",,,,"June","Q152",,,,,,,,,,,,,,
608,,3,2,"60806",,,,"June","Q152",,,,,,,,,,,,,,
608,,4,,"ALL",,,,"November","Q152",,,,,,,,,,,,,,
608,,4,1,"60804",,,,"November","Q152",,,,,,,,,,,,,,
608,,4,2,"60808",,,,"November","Q152",,,,,,,,,,,,,,
613,,1,1,"61306",,"July",,,"Q120",,,,,,,,,,,,,,
613,,1,2,"61307",,"July",,,"Q120",,,,,,,,,,,,,,
613,,2,1,"61305",,"November",,,"Q120",,,,,,,,,,,,,,
613,,2,2,"61308",,"November",,,"Q120",,,,,,,,,,,,,,
613,,3,1,"61301",,"July",,,"Q124",,,,,,,,,,,,,,
613,,3,2,"61304",,"July",,,"Q124",,,,,,,,,,,,,,
613,,4,1,"61302",,"November",,,"Q124",,,,,,,,,,,,,,
613,,4,2,"61303",,"November",,,"Q124",,,,,,,,,,,,,,
619,,1,1,"61903",,,,,"Q120",,,,,,,"Preseason",,,,,,,
619,,1,2,"61909",,,,,"Q120",,,,,,,"Preseason",,,,,,,
619,,2,1,"61904",,,,,"Q120",,,,,,,"Early",,,,,,,
619,,2,2,"61910",,,,,"Q120",,,,,,,"Early",,,,,,,
619,,3,1,"61906",,,,,"Q120",,,,,,,"Late",,,,,,,
619,,3,2,"61912",,,,,"Q120",,,,,,,"Late",,,,,,,
619,,4,1,"61902",,,,,"Q124",,,,,,,"Preseason",,,,,,,
619,,4,2,"61908",,,,,"Q124",,,,,,,"Preseason",,,,,,,
619,,5,1,"61901",,,,,"Q124",,,,,,,"Early",,,,,,,
619,,5,2,"61907",,,,,"Q124",,,,,,,"Early",,,,,,,
619,,6,1,"61905",,,,,"Q124",,,,,,,"Late",,,,,,,
619,,6,2,"61911",,,,,"Q124",,,,,,,"Late",,,,,,,
620,,1,1,"62003",,,,"May","Q120",,,,,,,,,,,,,,
620,,1,2,"62009",,,,"May","Q120",,,,,,,,,,,,,,
620,,2,1,"62004",,,,"June","Q120",,,,,,,,,,,,,,
620,,2,2,"62010",,,,"June","Q120",,,,,,,,,,,,,,
620,,3,1,"62006",,,,"November","Q120",,,,,,,,,,,,,,
620,,3,2,"62012",,,,"November","Q120",,,,,,,,,,,,,,
620,,4,1,"62002",,,,"May","Q124",,,,,,,,,,,,,,
620,,4,2,"62008",,,,"May","Q124",,,,,,,,,,,,,,
620,,5,1,"62001",,,,"June","Q124",,,,,,,,,,,,,,
620,,5,2,"62007",,,,"June","Q124",,,,,,,,,,,,,,
620,,6,1,"62005",,,,"November","Q124",,,,,,,,,,,,,,
620,,6,2,"62011",,,,"November","Q124",,,,,,,,,,,,,,
625,,1,1,"62504",,,,,"Q120",,,,,"EARLY",,,,,,,,,
625,,1,2,"62508",,,,,"Q120",,,,,"EARLY",,,,,,,,,
625,,2,1,"62502",,,,,"Q120",,,,,"LATE",,,,,,,,,
625,,2,2,"62506",,,,,"Q120",,,,,"LATE",,,,,,,,,
625,,3,1,"62503",,,,,"Q124",,,,,"EARLY",,,,,,,,,
625,,3,2,"62507",,,,,"Q124",,,,,"EARLY",,,,,,,,,
625,,4,1,"62501",,,,,"Q124",,,,,"LATE",,,,,,,,,
625,,4,2,"62505",,,,,"Q124",,,,,"LATE",,,,,,,,,
626,,1,1,"62604",,,,,,,,,,,,"EARLY",,,,,,,
626,,1,2,"62608",,,,,,,,,,,,"EARLY",,,,,,,
626,,2,1,"62602",,,,,,,,,,,,"LATE",,,,,,,
626,,2,2,"62606",,,,,,,,,,,,"LATE",,,,,,,
626,,3,1,"62603",,,,,"Q124",,,,,,,"EARLY",,,,,,,
626,,3,2,"62607",,,,,"Q124",,,,,,,"EARLY",,,,,,,
626,,4,1,"62601",,,,,"Q124",,,,,,,"LATE",,,,,,,
626,,4,2,"62605",,,,,"Q124",,,,,,,"LATE",,,,,,,
701,,1,1,"70101",,,,,,,,,,"May",,,,,,,"30kg/ha",,
701,,1,2,"70110",,,,,,,,,,"May",,,,,,,"30kg/ha",,
701,,2,1,"70102",,,,,,,,,,"May",,,,,,,"120kg/ha",,
701,,2,2,"70109",,,,,,,,,,"May",,,,,,,"120kg/ha",,
701,,3,1,"70108",,,,,,,,,,"July",,,,,,,"30kg/ha",,
701,,3,2,"70115",,,,,,,,,,"July",,,,,,,"30kg/ha",,
701,,4,1,"70107",,,,,,,,,,"July",,,,,,,"120kg/ha",,
701,,4,2,"70116",,,,,,,,,,"July",,,,,,,"120kg/ha",,
701,,5,1,"70106",,,,,,,,,,"October",,,,,,,"30kg/ha",,
701,,5,2,"70113",,,,,,,,,,"October",,,,,,,"30kg/ha",,
701,,6,1,"70105",,,,,,,,,,"October",,,,,,,"120kg/ha",,
701,,6,2,"70114",,,,,,,,,,"October",,,,,,,"120kg/ha",,
701,,7,1,"70103",,,,,,,,,,"December",,,,,,,"30kg/ha",,
701,,7,2,"70112",,,,,,,,,,"December",,,,,,,"30kg/ha",,
701,,8,1,"70104",,,,,,,,,,"December",,,,,,,"120kg/ha",,
701,,8,2,"70111",,,,,,,,,,"December",,,,,,,"120kg/ha",,
702,,1,1,"70206",,"May",,,,,,,,,,,,,,,"30kg/ha",,
702,,1,2,"70210",,"May",,,,,,,,,,,,,,,"30kg/ha",,
702,,2,1,"70205",,"May",,,,,,,,,,,,,,,"145kg/ha",,
702,,2,2,"70209",,"May",,,,,,,,,,,,,,,"145kg/ha",,
702,,3,1,"70203",,"July",,,,,,,,,,,,,,,"30kg/ha",,
702,,3,2,"70215",,"July",,,,,,,,,,,,,,,"30kg/ha",,
702,,4,1,"70204",,"July",,,,,,,,,,,,,,,"145kg/ha",,
702,,4,2,"70216",,"July",,,,,,,,,,,,,,,"145kg/ha",,
702,,5,1,"70201",,"September",,,,,,,,,,,,,,,"30kg/ha",,
702,,5,2,"70213",,"September",,,,,,,,,,,,,,,"30kg/ha",,
702,,6,1,"70202",,"September",,,,,,,,,,,,,,,"145kg/ha",,
702,,6,2,"70214",,"September",,,,,,,,,,,,,,,"145kg/ha",,
702,,7,1,"70208",,"November",,,,,,,,,,,,,,,"30kg/ha",,
702,,7,2,"70212",,"November",,,,,,,,,,,,,,,"30kg/ha",,
702,,8,1,"70207",,"November",,,,,,,,,,,,,,,"145kg/ha",,
702,,8,2,"70211",,"November",,,,,,,,,,,,,,,"145kg/ha",,
706,,1,1,"70601",,,,,,,,,,"Early season",,,,,,,,,
706,,1,2,"70604",,,,,,,,,,"Early season",,,,,,,,,
706,,2,1,"70602",,,,,,,,,,"Late season",,,,,,,,,
706,,2,2,"70603",,,,,,,,,,"Late season",,,,,,,,,
707,,1,1,"70701",,"June",,,,,,,,,,,,,,,,,
707,,1,2,"70704",,"June",,,,,,,,,,,,,,,,,
707,,2,1,"70702",,"November",,,,,,,,,,,,,,,,,
707,,2,2,"70703",,"November",,,,,,,,,,,,,,,,,
711,,1,1,"71101",,"May",,,,,,,,,,,,,,,,,
711,,1,2,"71106",,"May",,,,,,,,,,,,,,,,,
711,,2,1,"71102",,"July",,,,,,,,,,,,,,,,,
711,,2,2,"71105",,"July",,,,,,,,,,,,,,,,,
711,,3,1,"71103",,"August",,,,,,,,,,,,,,,,,
711,,3,2,"71104",,"August",,,,,,,,,,,,,,,,,
716,,1,1,"71603",,,,,,,,,,,,,,"Irrigation",,,,,
716,,1,2,"71605",,,,,,,,,,,,,,"Irrigation",,,,,
716,,1,3,"71611",,,,,,,,,,,,,,"Irrigation",,,,,
716,,1,4,"71613",,,,,,,,,,,,,,"Irrigation",,,,,
716,,2,1,"71601",,,,,,,,,,,,,,"Pre wet Irrigation",,,,,
716,,2,2,"71608",,,,,,,,,,,,,,"Pre wet Irrigation",,,,,
716,,2,3,"71610",,,,,,,,,,,,,,"Pre wet Irrigation",,,,,
716,,2,4,"71616",,,,,,,,,,,,,,"Pre wet Irrigation",,,,,
716,,3,1,"71602",,,,,,,,,,,,,,"Post wet Irrigation",,,,,
716,,3,2,"71606",,,,,,,,,,,,,,"Post wet Irrigation",,,,,
716,,3,3,"71609",,,,,,,,,,,,,,"Post wet Irrigation",,,,,
716,,3,4,"71615",,,,,,,,,,,,,,"Post wet Irrigation",,,,,
716,,4,1,"71604",,,,,,,,,,,,,,"Rainfed",,,,,
716,,4,2,"71607",,,,,,,,,,,,,,"Rainfed",,,,,
716,,4,3,"71612",,,,,,,,,,,,,,"Rainfed",,,,,
716,,4,4,"71614",,,,,,,,,,,,,,"Rainfed",,,,,
717,,1,1,"71703",,,,,,,,,,,,,,"Irrigation",,,,,
717,,1,2,"71705",,,,,,,,,,,,,,"Irrigation",,,,,
717,,1,3,"71711",,,,,,,,,,,,,,"Irrigation",,,,,
717,,1,4,"71713",,,,,,,,,,,,,,"Irrigation",,,,,
717,,2,1,"71701",,,,,,,,,,,,,,"Half Irrigation",,,,,
717,,2,2,"71708",,,,,,,,,,,,,,"Half Irrigation",,,,,
717,,2,3,"71710",,,,,,,,,,,,,,"Half Irrigation",,,,,
717,,2,4,"71716",,,,,,,,,,,,,,"Half Irrigation",,,,,
717,,3,1,"71704",,,,,,,,,,,,,,"Rainfed",,,,,
717,,3,2,"71707",,,,,,,,,,,,,,"Rainfed",,,,,
717,,3,3,"71712",,,,,,,,,,,,,,"Rainfed",,,,,
717,,3,4,"71714",,,,,,,,,,,,,,"Rainfed",,,,,
790,,1,1,"79001",,,,,"Q96","Well Watered",,,,,,,,,,,,,
790,,2,1,"79002",,,,,"Q96","Dried Off",,,,,,,,,,,,,
790,,3,1,"79003",,,,,"Q124","Well Watered",,,,,,,,,,,,,
790,,4,1,"79004",,,,,"Q124","Dried Off",,,,,,,,,,,,,
807,,1,1,"80701",,,,,,,,,,,,,,"Rainfed",,,,,
807,,1,2,"80710",,,,,,,,,,,,,,"Rainfed",,,,,
807,,2,1,"80702",,,,,,,,,,,,,,"Fully Irr-2 day interval",,,,,
807,,2,2,"80707",,,,,,,,,,,,,,"Fully Irr-2 day interval",,,,,
807,,2,3,"80711",,,,,,,,,,,,,,"Fully Irr-2 day interval",,,,,
807,,2,4,"80716",,,,,,,,,,,,,,"Fully Irr-2 day interval",,,,,
807,,3,1,"80703",,,,,,,,,,,,,,"4ML-4 day interval",,,,,
807,,3,2,"80709",,,,,,,,,,,,,,"4ML-4 day interval",,,,,
807,,3,3,"80712",,,,,,,,,,,,,,"4ML-4 day interval",,,,,
807,,3,4,"80718",,,,,,,,,,,,,,"4ML-4 day interval",,,,,
807,,4,1,"80704",,,,,,,,,,,,,,"2ML-2 day early season",,,,,
807,,4,2,"80705",,,,,,,,,,,,,,"2ML-2 day early season",,,,,
807,,4,3,"80713",,,,,,,,,,,,,,"2ML-2 day early season",,,,,
807,,4,4,"80714",,,,,,,,,,,,,,"2ML-2 day early season",,,,,
807,,5,1,"80706",,,,,,,,,,,,,,"2ML-2 day late season",,,,,
807,,5,2,"80708",,,,,,,,,,,,,,"2ML-2 day late season",,,,,
807,,5,3,"80715",,,,,,,,,,,,,,"2ML-2 day late season",,,,,
807,,5,4,"80717",,,,,,,,,,,,,,"2ML-2 day late season",,,,,
812,,1,1,"81201",,,,,"Q121",,,,,,"April",,,,,,,,
812,,1,2,"81212",,,,,"Q121",,,,,,"April",,,,,,,,
812,,2,1,"81202",,,,,"Q121",,,,,,"June",,,,,,,,
812,,2,2,"81211",,,,,"Q121",,,,,,"June",,,,,,,,
812,,3,1,"81204",,,,,"Q121",,,,,,"September",,,,,,,,
812,,3,2,"81210",,,,,"Q121",,,,,,"September",,,,,,,,
812,,4,1,"81203",,,,,"Q121",,,,,,"November",,,,,,,,
812,,4,2,"81209",,,,,"Q121",,,,,,"November",,,,,,,,
812,,5,1,"81205",,,,,"Q124",,,,,,"April",,,,,,,,
812,,5,2,"81213",,,,,"Q124",,,,,,"April",,,,,,,,
812,,6,1,"81206",,,,,"Q124",,,,,,"June",,,,,,,,
812,,6,2,"81214",,,,,"Q124",,,,,,"June",,,,,,,,
812,,7,1,"81207",,,,,"Q124",,,,,,"September",,,,,,,,
812,,7,2,"81215",,,,,"Q124",,,,,,"September",,,,,,,,
812,,8,1,"81208",,,,,"Q124",,,,,,"November",,,,,,,,
812,,8,2,"81216",,,,,"Q124",,,,,,"November",,,,,,,,
813,,1,1,"81301",,,"April",,"Q121",,,,,,,,,,,,,,
813,,1,2,"81312",,,"April",,"Q121",,,,,,,,,,,,,,
813,,2,1,"81302",,,"June",,"Q121",,,,,,,,,,,,,,
813,,2,2,"81311",,,"June",,"Q121",,,,,,,,,,,,,,
813,,3,1,"81304",,,"September",,"Q121",,,,,,,,,,,,,,
813,,3,2,"81310",,,"September",,"Q121",,,,,,,,,,,,,,
813,,4,1,"81303",,,"November",,"Q121",,,,,,,,,,,,,,
813,,4,2,"81309",,,"November",,"Q121",,,,,,,,,,,,,,
813,,5,1,"81305",,,"April",,"Q124",,,,,,,,,,,,,,
813,,5,2,"81313",,,"April",,"Q124",,,,,,,,,,,,,,
813,,6,1,"81306",,,"June",,"Q124",,,,,,,,,,,,,,
813,,6,2,"81314",,,"June",,"Q124",,,,,,,,,,,,,,
813,,7,1,"81307",,,"September",,"Q124",,,,,,,,,,,,,,
813,,7,2,"81315",,,"September",,"Q124",,,,,,,,,,,,,,
813,,8,1,"81308",,,"November",,"Q124",,,,,,,,,,,,,,
813,,8,2,"81316",,,"November",,"Q124",,,,,,,,,,,,,,
825,,1,1,"82501",,,,,,,,,,"April",,,,,,,,,
825,,1,2,"82504",,,,,,,,,,"April",,,,,,,,,
825,,2,1,"82502",,,,,,,,,,"August",,,,,,,,,
825,,2,2,"82503",,,,,,,,,,"August",,,,,,,,,
826,,1,1,"82601",,,,,,,,,,"April",,,,,,,,,
826,,1,2,"82604",,,,,,,,,,"April",,,,,,,,,
826,,2,1,"82602",,,,,,,,,,"August",,,,,,,,,
826,,2,2,"82603",,,,,,,,,,"August",,,,,,,,,
827,,1,1,"82701",,,,,,,,,,"April",,,,,,,,,
827,,1,2,"82704",,,,,,,,,,"April",,,,,,,,,
827,,2,1,"82702",,,,,,,,,,"August",,,,,,,,,
827,,2,2,"82703",,,,,,,,,,"August",,,,,,,,,
835,,1,1,"83501",,,,,,,,,,"April",,,,,,,,,
835,,1,2,"83504",,,,,,,,,,"April",,,,,,,,,
835,,2,1,"83502",,,,,,,,,,"August",,,,,,,,,
835,,2,2,"83503",,,,,,,,,,"August",,,,,,,,,
836,,1,1,"83601",,,,,,,,,,"April",,,,,,,,,
836,,1,2,"83604",,,,,,,,,,"April",,,,,,,,,
836,,2,1,"83602",,,,,,,,,,"August",,,,,,,,,
836,,2,2,"83603",,,,,,,,,,"August",,,,,,,,,
837,,1,1,"83701",,,,,,,,,,"April",,,,,,,,,
837,,1,2,"83703",,,,,,,,,,"April",,,,,,,,,
837,,2,1,"83702",,,,,,,,,,"August",,,,,,,,,
837,,2,2,"83704",,,,,,,,,,"August",,,,,,,,,
845,,1,1,"84501",,,,,,,,,,"April",,,,,,,,,
845,,1,2,"84504",,,,,,,,,,"April",,,,,,,,,
845,,2,1,"84502",,,,,,,,,,"October",,,,,,,,,
845,,2,2,"84503",,,,,,,,,,"October",,,,,,,,,
846,,1,1,"84601",,,,,,,,,,"April",,,,,,,,,
846,,1,2,"84604",,,,,,,,,,"April",,,,,,,,,
846,,2,1,"84602",,,,,,,,,,"October",,,,,,,,,
846,,2,2,"84603",,,,,,,,,,"October",,,,,,,,,
847,,1,1,"84701",,,,,,,,,,"April",,,,,,,,,
847,,1,2,"84704",,,,,,,,,,"April",,,,,,,,,
847,,2,1,"84702",,,,,,,,,,"October",,,,,,,,,
847,,2,2,"84703",,,,,,,,,,"October",,,,,,,,,
870,,1,1,"87001",,,,,,,,,,"April",,,,,,,,,
870,,1,2,"87005",,,,,,,,,,"April",,,,,,,,,
870,,2,1,"87002",,,,,,,,,,"May",,,,,,,,,
870,,2,2,"87007",,,,,,,,,,"May",,,,,,,,,
870,,3,1,"87003",,,,,,,,,,"August",,,,,,,,,
870,,3,2,"87008",,,,,,,,,,"August",,,,,,,,,
870,,4,1,"87004",,,,,,,,,,"November",,,,,,,,,
870,,4,2,"87006",,,,,,,,,,"November",,,,,,,,,
871,,1,1,"87101",,,,,,,,,,"April",,,,,,,,,
871,,1,2,"87105",,,,,,,,,,"April",,,,,,,,,
871,,2,1,"87102",,,,,,,,,,"May",,,,,,,,,
871,,2,2,"87107",,,,,,,,,,"May",,,,,,,,,
871,,3,1,"87103",,,,,,,,,,"August",,,,,,,,,
871,,3,2,"87108",,,,,,,,,,"August",,,,,,,,,
871,,4,1,"87104",,,,,,,,,,"October",,,,,,,,,
871,,4,2,"87106B",,,,,,,,,,"October",,,,,,,,,
871,,5,1,"87104B",,,,,,,,,,"November",,,,,,,,,
871,,5,2,"87106",,,,,,,,,,"November",,,,,,,,,
872,,1,1,"87201",,,,,,,,,,"April",,,,,,,,,
872,,1,2,"87205",,,,,,,,,,"April",,,,,,,,,
872,,2,1,"87202",,,,,,,,,,"May",,,,,,,,,
872,,2,2,"87207",,,,,,,,,,"May",,,,,,,,,
872,,3,1,"87203",,,,,,,,,,"August",,,,,,,,,
872,,3,2,"87208",,,,,,,,,,"August",,,,,,,,,
872,,4,1,"87204",,,,,,,,,,"October",,,,,,,,,
872,,4,2,"87206B",,,,,,,,,,"October",,,,,,,,,
872,,5,1,"87204B",,,,,,,,,,"November",,,,,,,,,
872,,5,2,"87206",,,,,,,,,,"November",,,,,,,,,
875,,1,1,"87501",,,,,,,,,,"May",,,,,,,,,
875,,1,2,"87504",,,,,,,,,,"May",,,,,,,,,
875,,2,1,"87502",,,,,,,,,,"October",,,,,,,,,
875,,2,2,"87503",,,,,,,,,,"October",,,,,,,,,
876,,1,1,"87601",,,,,,,,,,"May",,,,,,,,,
876,,1,2,"87604",,,,,,,,,,"May",,,,,,,,,
876,,2,1,"87602",,,,,,,,,,"October",,,,,,,,,
876,,2,2,"87603",,,,,,,,,,"October",,,,,,,,,
877,,1,1,"87701",,,,,,,,,,"May",,,,,,,,,
877,,1,2,"87704",,,,,,,,,,"May",,,,,,,,,
877,,2,1,"87702",,,,,,,,,,"October",,,,,,,,,
877,,2,2,"87703",,,,,,,,,,"October",,,,,,,,,
885,,1,1,"88501",,,,,,,,,,"May",,,,,,,,,
885,,1,2,"88504",,,,,,,,,,"May",,,,,,,,,
885,,2,1,"88502",,,,,,,,,,"September",,,,,,,,,
885,,2,2,"88503",,,,,,,,,,"September",,,,,,,,,
887,,1,1,"88701",,,,,,,,,,"May",,,,,,,,,
887,,1,2,"88704",,,,,,,,,,"May",,,,,,,,,
887,,2,1,"88702",,,,,,,,,,"September",,,,,,,,,
887,,2,2,"88703",,,,,,,,,,"September",,,,,,,,,
901,,1,1,"90108",,,,,"Q124",,,,,,,,,"Epanx1.2 1/day",,,,,
901,,1,2,"90119",,,,,"Q124",,,,,,,,,"Epanx1.2 1/day",,,,,
901,,1,3,"90136",,,,,"Q124",,,,,,,,,"Epanx1.2 1/day",,,,,
901,,2,1,"90107",,,,,"Q151",,,,,,,,,"Epanx1.2 1/day",,,,,
901,,2,2,"90120",,,,,"Q151",,,,,,,,,"Epanx1.2 1/day",,,,,
901,,2,3,"90135",,,,,"Q151",,,,,,,,,"Epanx1.2 1/day",,,,,
901,,3,1,"90103",,,,,"Q124",,,,,,,,,"Epanx1.0 1/day",,,,,
901,,3,2,"90115",,,,,"Q124",,,,,,,,,"Epanx1.0 1/day",,,,,
901,,3,3,"90129",,,,,"Q124",,,,,,,,,"Epanx1.0 1/day",,,,,
901,,4,1,"90104",,,,,"Q151",,,,,,,,,"Epanx1.0 1/day",,,,,
901,,4,2,"90116",,,,,"Q151",,,,,,,,,"Epanx1.0 1/day",,,,,
901,,4,3,"90130",,,,,"Q151",,,,,,,,,"Epanx1.0 1/day",,,,,
901,,5,1,"90110",,,,,"Q124",,,,,,,,,"Epanx1.0 1/3days",,,,,
901,,5,2,"90113",,,,,"Q124",,,,,,,,,"Epanx1.0 1/3days",,,,,
901,,5,3,"90127",,,,,"Q124",,,,,,,,,"Epanx1.0 1/3days",,,,,
901,,6,1,"90109",,,,,"Q151",,,,,,,,,"Epanx1.0 1/3days",,,,,
901,,6,2,"90114",,,,,"Q151",,,,,,,,,"Epanx1.0 1/3days",,,,,
901,,6,3,"90128",,,,,"Q151",,,,,,,,,"Epanx1.0 1/3days",,,,,
901,,7,1,"90112",,,,,"Q124",,,,,,,,,"Epanx0.8 1/day",,,,,
901,,7,2,"90122",,,,,"Q124",,,,,,,,,"Epanx0.8 1/day",,,,,
901,,7,3,"90126",,,,,"Q124",,,,,,,,,"Epanx0.8 1/day",,,,,
901,,8,1,"90111",,,,,"Q151",,,,,,,,,"Epanx0.8 1/day",,,,,
901,,8,2,"90121",,,,,"Q151",,,,,,,,,"Epanx0.8 1/day",,,,,
901,,8,3,"90125",,,,,"Q151",,,,,,,,,"Epanx0.8 1/day",,,,,
901,,9,1,"90101",,,,,"Q124",,,,,,,,,"Epanx0.8 1/3days",,,,,
901,,9,2,"90117",,,,,"Q124",,,,,,,,,"Epanx0.8 1/3days",,,,,
901,,9,3,"90133",,,,,"Q124",,,,,,,,,"Epanx0.8 1/3days",,,,,
901,,10,1,"90102",,,,,"Q151",,,,,,,,,"Epanx0.8 1/3days",,,,,
901,,10,2,"90118",,,,,"Q151",,,,,,,,,"Epanx0.8 1/3days",,,,,
901,,10,3,"90134",,,,,"Q151",,,,,,,,,"Epanx0.8 1/3days",,,,,
901,,11,1,"90106",,,,,"Q124",,,,,,,,,"Epanx0.4 1/day",,,,,
901,,11,2,"90124",,,,,"Q124",,,,,,,,,"Epanx0.4 1/day",,,,,
901,,11,3,"90132",,,,,"Q124",,,,,,,,,"Epanx0.4 1/day",,,,,
901,,12,1,"90105",,,,,"Q151",,,,,,,,,"Epanx0.4 1/day",,,,,
901,,12,2,"90123",,,,,"Q151",,,,,,,,,"Epanx0.4 1/day",,,,,
901,,12,3,"90131",,,,,"Q151",,,,,,,,,"Epanx0.4 1/day",,,,,
902,,1,1,"90207",,,,,"Q124",,,,,,,,,"Epan x Kc x 1.2 1/day",,,,,
902,,1,2,"90220",,,,,"Q124",,,,,,,,,"Epan x Kc x 1.2 1/day",,,,,
902,,1,3,"90235",,,,,"Q124",,,,,,,,,"Epan x Kc x 1.2 1/day",,,,,
902,,2,1,"90208",,,,,"Q151",,,,,,,,,"Epan x Kc x 1.2 1/day",,,,,
902,,2,2,"90219",,,,,"Q151",,,,,,,,,"Epan x Kc x 1.2 1/day",,,,,
902,,2,3,"90236",,,,,"Q151",,,,,,,,,"Epan x Kc x 1.2 1/day",,,,,
902,,3,1,"90204",,,,,"Q124",,,,,,,,,"Epan x Kc x 1.0 1/day",,,,,
902,,3,2,"90216",,,,,"Q124",,,,,,,,,"Epan x Kc x 1.0 1/day",,,,,
902,,3,3,"90230",,,,,"Q124",,,,,,,,,"Epan x Kc x 1.0 1/day",,,,,
902,,4,1,"90203",,,,,"Q151",,,,,,,,,"Epan x Kc x 1.0 1/day",,,,,
902,,4,2,"90215",,,,,"Q151",,,,,,,,,"Epan x Kc x 1.0 1/day",,,,,
902,,4,3,"90229",,,,,"Q151",,,,,,,,,"Epan x Kc x 1.0 1/day",,,,,
902,,5,1,"90209",,,,,"Q124",,,,,,,,,"Epan x Kc x 1.0 1/3days",,,,,
902,,5,2,"90214",,,,,"Q124",,,,,,,,,"Epan x Kc x 1.0 1/3days",,,,,
902,,5,3,"90228",,,,,"Q124",,,,,,,,,"Epan x Kc x 1.0 1/3days",,,,,
902,,6,1,"90210",,,,,"Q151",,,,,,,,,"Epan x Kc x 1.0 1/3days",,,,,
902,,6,2,"90213",,,,,"Q151",,,,,,,,,"Epan x Kc x 1.0 1/3days",,,,,
902,,6,3,"90227",,,,,"Q151",,,,,,,,,"Epan x Kc x 1.0 1/3days",,,,,
902,,7,1,"90211",,,,,"Q124",,,,,,,,,"Epan x Kc x 0.8 1/day",,,,,
902,,7,2,"90221",,,,,"Q124",,,,,,,,,"Epan x Kc x 0.8 1/day",,,,,
902,,7,3,"90225",,,,,"Q124",,,,,,,,,"Epan x Kc x 0.8 1/day",,,,,
902,,8,1,"90212",,,,,"Q151",,,,,,,,,"Epan x Kc x 0.8 1/day",,,,,
902,,8,2,"90222",,,,,"Q151",,,,,,,,,"Epan x Kc x 0.8 1/day",,,,,
902,,8,3,"90226",,,,,"Q151",,,,,,,,,"Epan x Kc x 0.8 1/day",,,,,
902,,9,1,"90202",,,,,"Q124",,,,,,,,,"Epan x Kc x 0.8 1/3days",,,,,
902,,9,2,"90218",,,,,"Q124",,,,,,,,,"Epan x Kc x 0.8 1/3days",,,,,
902,,9,3,"90234",,,,,"Q124",,,,,,,,,"Epan x Kc x 0.8 1/3days",,,,,
902,,10,1,"90201",,,,,"Q151",,,,,,,,,"Epan x Kc x 0.8 1/3days",,,,,
902,,10,2,"90217",,,,,"Q151",,,,,,,,,"Epan x Kc x 0.8 1/3days",,,,,
902,,10,3,"90233",,,,,"Q151",,,,,,,,,"Epan x Kc x 0.8 1/3days",,,,,
902,,11,1,"90205",,,,,"Q124",,,,,,,,,"Epan x Kc x 0.4 1/day",,,,,
902,,11,2,"90223",,,,,"Q124",,,,,,,,,"Epan x Kc x 0.4 1/day",,,,,
902,,11,3,"90231",,,,,"Q124",,,,,,,,,"Epan x Kc x 0.4 1/day",,,,,
902,,12,1,"90206",,,,,"Q151",,,,,,,,,"Epan x Kc x 0.4 1/day",,,,,
902,,12,2,"90224",,,,,"Q151",,,,,,,,,"Epan x Kc x 0.4 1/day",,,,,
902,,12,3,"90232",,,,,"Q151",,,,,,,,,"Epan x Kc x 0.4 1/day",,,,,
903,,1,1,"90307",,,,,"Q124",,,,,,,,,"Epan x Kc x 1.2 1/day",,,,,
903,,1,2,"90320",,,,,"Q124",,,,,,,,,"Epan x Kc x 1.2 1/day",,,,,
903,,1,3,"90335",,,,,"Q124",,,,,,,,,"Epan x Kc x 1.2 1/day",,,,,
903,,2,1,"90308",,,,,"Q151",,,,,,,,,"Epan x Kc x 1.2 1/day",,,,,
903,,2,2,"90319",,,,,"Q151",,,,,,,,,"Epan x Kc x 1.2 1/day",,,,,
903,,2,3,"90336",,,,,"Q151",,,,,,,,,"Epan x Kc x 1.2 1/day",,,,,
903,,3,1,"90304",,,,,"Q124",,,,,,,,,"Epan x Kc x 1.0 1/day",,,,,
903,,3,2,"90316",,,,,"Q124",,,,,,,,,"Epan x Kc x 1.0 1/day",,,,,
903,,3,3,"90330",,,,,"Q124",,,,,,,,,"Epan x Kc x 1.0 1/day",,,,,
903,,4,1,"90303",,,,,"Q151",,,,,,,,,"Epan x Kc x 1.0 1/day",,,,,
903,,4,2,"90315",,,,,"Q151",,,,,,,,,"Epan x Kc x 1.0 1/day",,,,,
903,,4,3,"90329",,,,,"Q151",,,,,,,,,"Epan x Kc x 1.0 1/day",,,,,
903,,5,1,"90309",,,,,"Q124",,,,,,,,,"Epan x Kc x 1.0 1/3days",,,,,
903,,5,2,"90314",,,,,"Q124",,,,,,,,,"Epan x Kc x 1.0 1/3days",,,,,
903,,5,3,"90328",,,,,"Q124",,,,,,,,,"Epan x Kc x 1.0 1/3days",,,,,
903,,6,1,"90310",,,,,"Q151",,,,,,,,,"Epan x Kc x 1.0 1/3days",,,,,
903,,6,2,"90313",,,,,"Q151",,,,,,,,,"Epan x Kc x 1.0 1/3days",,,,,
903,,6,3,"90327",,,,,"Q151",,,,,,,,,"Epan x Kc x 1.0 1/3days",,,,,
903,,7,1,"90311",,,,,"Q124",,,,,,,,,"Epan x Kc x 0.8 1/day",,,,,
903,,7,2,"90321",,,,,"Q124",,,,,,,,,"Epan x Kc x 0.8 1/day",,,,,
903,,7,3,"90325",,,,,"Q124",,,,,,,,,"Epan x Kc x 0.8 1/day",,,,,
903,,8,1,"90312",,,,,"Q151",,,,,,,,,"Epan x Kc x 0.8 1/day",,,,,
903,,8,2,"90322",,,,,"Q151",,,,,,,,,"Epan x Kc x 0.8 1/day",,,,,
903,,8,3,"90326",,,,,"Q151",,,,,,,,,"Epan x Kc x 0.8 1/day",,,,,
903,,9,1,"90302",,,,,"Q124",,,,,,,,,"Epan x Kc x 0.8 1/3days",,,,,
903,,9,2,"90318",,,,,"Q124",,,,,,,,,"Epan x Kc x 0.8 1/3days",,,,,
903,,9,3,"90334",,,,,"Q124",,,,,,,,,"Epan x Kc x 0.8 1/3days",,,,,
903,,10,1,"90301",,,,,"Q151",,,,,,,,,"Epan x Kc x 0.8 1/3days",,,,,
903,,10,2,"90317",,,,,"Q151",,,,,,,,,"Epan x Kc x 0.8 1/3days",,,,,
903,,10,3,"90333",,,,,"Q151",,,,,,,,,"Epan x Kc x 0.8 1/3days",,,,,
903,,11,1,"90305",,,,,"Q124",,,,,,,,,"Epan x Kc x 0.4 1/day",,,,,
903,,11,2,"90323",,,,,"Q124",,,,,,,,,"Epan x Kc x 0.4 1/day",,,,,
903,,11,3,"90331",,,,,"Q124",,,,,,,,,"Epan x Kc x 0.4 1/day",,,,,
903,,12,1,"90306",,,,,"Q151",,,,,,,,,"Epan x Kc x 0.4 1/day",,,,,
903,,12,2,"90324",,,,,"Q151",,,,,,,,,"Epan x Kc x 0.4 1/day",,,,,
903,,12,3,"90332",,,,,"Q151",,,,,,,,,"Epan x Kc x 0.4 1/day",,,,,
905,,1,1,"90502",,,,,,,,,,,,,,,,,"Side Dress 120 kg/ha",,
905,,1,2,"90511",,,,,,,,,,,,,,,,,"Side Dress 120 kg/ha",,
905,,1,3,"90516",,,,,,,,,,,,,,,,,"Side Dress 120 kg/ha",,
905,,2,1,"90505",,,,,,,,,,,,,,,,,"Drip 0 kg/ha",,
905,,2,2,"90509",,,,,,,,,,,,,,,,,"Drip 0 kg/ha",,
905,,2,3,"90517",,,,,,,,,,,,,,,,,"Drip 0 kg/ha",,
905,,3,1,"90504",,,,,,,,,,,,,,,,,"Drip 60 kg/ha",,
905,,3,2,"90512",,,,,,,,,,,,,,,,,"Drip 60 kg/ha",,
905,,3,3,"90513",,,,,,,,,,,,,,,,,"Drip 60 kg/ha",,
905,,4,1,"90506",,,,,,,,,,,,,,,,,"Drip 90 kg/ha",,
905,,4,2,"90507",,,,,,,,,,,,,,,,,"Drip 90 kg/ha",,
905,,4,3,"90515",,,,,,,,,,,,,,,,,"Drip 90 kg/ha",,
905,,5,1,"90503",,,,,,,,,,,,,,,,,"Drip 120 kg/ha",,
905,,5,2,"90508",,,,,,,,,,,,,,,,,"Drip 120 kg/ha",,
905,,5,3,"90518",,,,,,,,,,,,,,,,,"Drip 120 kg/ha",,
905,,6,1,"90501",,,,,,,,,,,,,,,,,"Drip 180 kg/ha",,
905,,6,2,"90510",,,,,,,,,,,,,,,,,"Drip 180 kg/ha",,
905,,6,3,"90514",,,,,,,,,,,,,,,,,"Drip 180 kg/ha",,
906,,1,1,"90602",,,,,,,,,,,,,,,,,"Side Dress 160 kg/ha",,
906,,1,2,"90611",,,,,,,,,,,,,,,,,"Side Dress 160 kg/ha",,
906,,1,3,"90616",,,,,,,,,,,,,,,,,"Side Dress 160 kg/ha",,
906,,2,1,"90605",,,,,,,,,,,,,,,,,"Drip 0 kg/ha",,
906,,2,2,"90609",,,,,,,,,,,,,,,,,"Drip 0 kg/ha",,
906,,2,3,"90617",,,,,,,,,,,,,,,,,"Drip 0 kg/ha",,
906,,3,1,"90604",,,,,,,,,,,,,,,,,"Drip 80 kg/ha",,
906,,3,2,"90612",,,,,,,,,,,,,,,,,"Drip 80 kg/ha",,
906,,3,3,"90613",,,,,,,,,,,,,,,,,"Drip 80 kg/ha",,
906,,4,1,"90606",,,,,,,,,,,,,,,,,"Drip 120 kg/ha",,
906,,4,2,"90607",,,,,,,,,,,,,,,,,"Drip 120 kg/ha",,
906,,4,3,"90615",,,,,,,,,,,,,,,,,"Drip 120 kg/ha",,
906,,5,1,"90603",,,,,,,,,,,,,,,,,"Drip 160 kg/ha",,
906,,5,2,"90608",,,,,,,,,,,,,,,,,"Drip 160 kg/ha",,
906,,5,3,"90618",,,,,,,,,,,,,,,,,"Drip 160 kg/ha",,
906,,6,1,"90601",,,,,,,,,,,,,,,,,"Drip 240 kg/ha",,
906,,6,2,"90610",,,,,,,,,,,,,,,,,"Drip 240 kg/ha",,
906,,6,3,"90614",,,,,,,,,,,,,,,,,"Drip 240 kg/ha",,
907,,1,1,"90702",,,,,,,,,,,,,,,,,"Side Dress 160 kg/ha",,
907,,1,2,"90711",,,,,,,,,,,,,,,,,"Side Dress 160 kg/ha",,
907,,1,3,"90716",,,,,,,,,,,,,,,,,"Side Dress 160 kg/ha",,
907,,2,1,"90705",,,,,,,,,,,,,,,,,"Drip 0 kg/ha",,
907,,2,2,"90709",,,,,,,,,,,,,,,,,"Drip 0 kg/ha",,
907,,2,3,"90717",,,,,,,,,,,,,,,,,"Drip 0 kg/ha",,
907,,3,1,"90704",,,,,,,,,,,,,,,,,"Drip 80 kg/ha",,
907,,3,2,"90712",,,,,,,,,,,,,,,,,"Drip 80 kg/ha",,
907,,3,3,"90713",,,,,,,,,,,,,,,,,"Drip 80 kg/ha",,
907,,4,1,"90706",,,,,,,,,,,,,,,,,"Drip 120 kg/ha",,
907,,4,2,"90707",,,,,,,,,,,,,,,,,"Drip 120 kg/ha",,
907,,4,3,"90715",,,,,,,,,,,,,,,,,"Drip 120 kg/ha",,
907,,5,1,"90703",,,,,,,,,,,,,,,,,"Drip 160 kg/ha",,
907,,5,2,"90708",,,,,,,,,,,,,,,,,"Drip 160 kg/ha",,
907,,5,3,"90718",,,,,,,,,,,,,,,,,"Drip 160 kg/ha",,
907,,6,1,"90701",,,,,,,,,,,,,,,,,"Drip 240 kg/ha",,
907,,6,2,"90710",,,,,,,,,,,,,,,,,"Drip 240 kg/ha",,
907,,6,3,"90714",,,,,,,,,,,,,,,,,"Drip 240 kg/ha",,
908,,1,1,"90802",,,,,,,,,,,,,,,,,"Side Dress 160 kg/ha",,
908,,1,2,"90811",,,,,,,,,,,,,,,,,"Side Dress 160 kg/ha",,
908,,1,3,"90816",,,,,,,,,,,,,,,,,"Side Dress 160 kg/ha",,
908,,2,1,"90805",,,,,,,,,,,,,,,,,"Drip 0 kg/ha",,
908,,2,2,"90809",,,,,,,,,,,,,,,,,"Drip 0 kg/ha",,
908,,2,3,"90817",,,,,,,,,,,,,,,,,"Drip 0 kg/ha",,
908,,3,1,"90804",,,,,,,,,,,,,,,,,"Drip 80 kg/ha",,
908,,3,2,"90812",,,,,,,,,,,,,,,,,"Drip 80 kg/ha",,
908,,3,3,"90813",,,,,,,,,,,,,,,,,"Drip 80 kg/ha",,
908,,4,1,"90806",,,,,,,,,,,,,,,,,"Drip 120 kg/ha",,
908,,4,2,"90807",,,,,,,,,,,,,,,,,"Drip 120 kg/ha",,
908,,4,3,"90815",,,,,,,,,,,,,,,,,"Drip 120 kg/ha",,
908,,5,1,"90803",,,,,,,,,,,,,,,,,"Drip 160 kg/ha",,
908,,5,2,"90808",,,,,,,,,,,,,,,,,"Drip 160 kg/ha",,
908,,5,3,"90818",,,,,,,,,,,,,,,,,"Drip 160 kg/ha",,
908,,6,1,"90801",,,,,,,,,,,,,,,,,"Drip 240 kg/ha",,
908,,6,2,"90810",,,,,,,,,,,,,,,,,"Drip 240 kg/ha",,
908,,6,3,"90814",,,,,,,,,,,,,,,,,"Drip 240 kg/ha",,
930,,1,1,"93004",,,,,,,,,,,,,,"ML Capped",,,,,
930,,1,2,"93007",,,,,,,,,,,,,,"ML Capped",,,,,
930,,1,3,"93009",,,,,,,,,,,,,,"ML Capped",,,,,
930,,1,4,"93014",,,,,,,,,,,,,,"ML Capped",,,,,
930,,2,1,"93003",,,,,,,,,,,,,,"ML Plus",,,,,
930,,2,2,"93006",,,,,,,,,,,,,,"ML Plus",,,,,
930,,2,3,"93012",,,,,,,,,,,,,,"ML Plus",,,,,
930,,2,4,"93013",,,,,,,,,,,,,,"ML Plus",,,,,
930,,3,1,"93002",,,,,,,,,,,,,,"Grower decision",,,,,
930,,3,2,"93005",,,,,,,,,,,,,,"Grower decision",,,,,
930,,3,3,"93011",,,,,,,,,,,,,,"Grower decision",,,,,
930,,3,4,"93016",,,,,,,,,,,,,,"Grower decision",,,,,
930,,4,1,"93001",,,,,,,,,,,,,,"Rainfed",,,,,
930,,4,2,"93008",,,,,,,,,,,,,,"Rainfed",,,,,
930,,4,3,"93010",,,,,,,,,,,,,,"Rainfed",,,,,
930,,4,4,"93015",,,,,,,,,,,,,,"Rainfed",,,,,
930,,5,1,"93017",,,,,,,,,,,,,,"Outside",,,,,
930,,5,2,"93018",,,,,,,,,,,,,,"Outside",,,,,
930,,5,3,"93020",,,,,,,,,,,,,,"Outside",,,,,
930,,5,4,"93019",,,,,,,,,,,,,,"Outside",,,,,
931,,1,1,"93101",,,,,,,,,,,,,,"ML Capped",,,,,
931,,1,2,"93108",,,,,,,,,,,,,,"ML Capped",,,,,
931,,1,3,"93110",,,,,,,,,,,,,,"ML Capped",,,,,
931,,1,4,"93114",,,,,,,,,,,,,,"ML Capped",,,,,
931,,2,1,"93102",,,,,,,,,,,,,,"ML Plus",,,,,
931,,2,2,"93107",,,,,,,,,,,,,,"ML Plus",,,,,
931,,2,3,"93111",,,,,,,,,,,,,,"ML Plus",,,,,
931,,2,4,"93113",,,,,,,,,,,,,,"ML Plus",,,,,
931,,3,1,"93103",,,,,,,,,,,,,,"Grower decision",,,,,
931,,3,2,"93105",,,,,,,,,,,,,,"Grower decision",,,,,
931,,3,3,"93112",,,,,,,,,,,,,,"Grower decision",,,,,
931,,3,4,"93115",,,,,,,,,,,,,,"Grower decision",,,,,
931,,4,1,"93104",,,,,,,,,,,,,,"Rainfed",,,,,
931,,4,2,"93106",,,,,,,,,,,,,,"Rainfed",,,,,
931,,4,3,"93109",,,,,,,,,,,,,,"Rainfed",,,,,
931,,4,4,"93116",,,,,,,,,,,,,,"Rainfed",,,,,
