ExpID,,Treatment,Date,,Fertilizer,Amount,Units,Depth,,Method,Notes,,,,,
1,,ALL,16/07/1991,,Ammonium nitrate,125,kg/ha,10,,band - beside row,Crop King 66S,,,,,
1,,ALL,10/09/1991,,Ammonium nitrate,195,kg/ha,5,,band - beside row,Fertilizer applied when cultivated,,,,,
1,,ALL,08/10/1991,,Ammonium nitrate,390,kg/ha,5,,band - beside row,,,,,,
1,,ALL,10/10/1991,,Ammonium nitrate - sulphate,10,kg/ha,0,,band - below row,,,,,,
1,,ALL,24/10/1991,,Ammonium nitrate,540,kg/ha,5,,band - beside row,,,,,,
2,,ALL,19/04/1991,,Ammonium nitrate,220,kg/ha,0,,band - beside row,Crop King 88,,,,,
2,,ALL,29/07/1991,,Ammonium nitrate,314,kg/ha,0,,band - beside row,,,,,,
2,,ALL,19/08/1991,,Ammonium nitrate,336,kg/ha,0,,band - beside row,,,,,,
3,,1,23/07/1992,,Ammonium nitrate,480,kg/ha,10,,band - beside row,Grow Force - Strike Force 351,,,,,
3,,2,04/09/1992,,Ammonium nitrate,480,kg/ha,10,,band - beside row,Grow Force - Strike Force 351,,,,,
3,,3,23/07/1992,,Ammonium nitrate,480,kg/ha,10,,band - beside row,Grow Force - Strike Force 351,,,,,
3,,4,04/09/1992,,Ammonium nitrate,480,kg/ha,10,,band - beside row,Gow Force - Strike Force 351,,,,,
3,,4,04/09/1992,,Ammonium nitrate,480,kg/ha,10,,band - beside row,Grow Force - Strike Force 351,,,,,
3,,ALL,23/09/1992,,Ammonium nitrate,350,kg/ha,10,,band - beside row,,,,,,
3,,ALL,12/10/1992,,Ammonium nitrate - sulphate,10,kg/ha,0,,band - below row,,,,,,
3,,ALL,12/10/1992,,Anhydrous ammonia,10,kg/ha,0,,band - stool splitting,,,,,,
3,,ALL,13/10/1992,,Ammonium nitrate,250,kg/ha,0,,band - beside row,,,,,,
3,,ALL,13/10/1992,,Ammonium nitrate,370,kg/ha,0,,band - beside row,,,,,,
3,,ALL,10/12/1992,,Unknown,371,kg/ha,0,,Unknown,Applied by hand,,,,,
3,,ALL,10/12/1992,,Anhydrous ammonia,375,kg/ha,0,,band - stool splitting,applied by hand,,,,,
4,,2,13/10/1992,,Ammonium nitrate,250,kg/ha,0,,band - beside row,,,,,,
4,,3,23/09/1992,,Ammonium nitrate,350,kg/ha,10,,band - beside row,,,,,,
4,,3,13/10/1992,,Ammonium nitrate,250,kg/ha,0,,band - beside row,,,,,,
4,,ALL,23/07/1992,,Ammonium nitrate,480,kg/ha,10,,band - beside row,Grow Force - Strike Force 351,,,,,
4,,ALL,12/10/1992,,Ammonium nitrate - sulphate,10,kg/ha,0,,band - below row,,,,,,
4,,ALL,12/10/1992,,Ammonium nitrate - sulphate,10,kg/ha,0,,band - below row,,,,,,
5,,ALL,20/04/1992,,Ammonium nitrate,232,kg/ha,30,,band - beside row,Grow Force 303,,,,,
5,,ALL,02/06/1992,,Ammonium nitrate,350,kg/ha,30,,band - beside row,,,,,,
5,,ALL,20/08/1992,,Ammonium nitrate - sulphate,8,kg/ha,0,,band - below row,,,,,,
5,,ALL,20/08/1992,,Ammonium nitrate - sulphate,8,kg/ha,0,,band - below row,,,,,,
6,,1,22/04/1992,,Ammonium nitrate,232,kg/ha,30,,band - beside row,Grow Force 303,,,,,
6,,1,02/06/1992,,Ammonium nitrate,350,kg/ha,30,,band - beside row,,,,,,
6,,1,20/08/1992,,Ammonium nitrate - sulphate,8,kg/ha,0,,band - below row,,,,,,
6,,2,03/07/1992,,Ammonium nitrate,138,kg/ha,30,,band - beside row,Grow Force 303,,,,,
6,,2,09/09/1992,,Ammonium nitrate,445,kg/ha,30,,band - beside row,Urea-S,,,,,
6,,2,17/10/1992,,Ammonium nitrate,445,kg/ha,30,,band - beside row,,,,,,
6,,3,06/11/1992,,Ammonium nitrate,570,kg/ha,30,,band - beside row,,,,,,
6,,3,12/12/1992,,Ammonium nitrate,198,kg/ha,10,,band - beside row,Urea-S,,,,,
6,,4,06/11/1992,,Ammonium nitrate,570,kg/ha,30,,band - beside row,,,,,,
6,,4,12/12/1992,,Ammonium nitrate,198,kg/ha,10,,band - beside row,Urea-S,,,,,
7,,2,02/06/1992,,Ammonium nitrate,350,kg/ha,30,,band - beside row,,,,,,
7,,3,02/06/1992,,Ammonium nitrate,350,kg/ha,30,,band - beside row,,,,,,
7,,3,07/10/1992,,Anhydrous ammonia,375,kg/ha,0,,band - stool splitting,,,,,,
7,,3,26/11/1992,,Unknown,371,kg/ha,0,,,Applied by hand,,,,,
7,,3,21/01/1993,,Unknown,371,kg/ha,0,,,Applied by hand,,,,,
7,,ALL,22/04/1992,,Ammonium nitrate,232,kg/ha,30,,band - beside row,Grow Force 303,,,,,
7,,ALL,20/08/1992,,Ammonium nitrate - sulphate,8,kg/ha,0,,band - below row,,,,,,
8,,ALL,14/08/1991,,Ammonium nitrate,366,kg/ha,20,,band - beside row,at planting time,,,,,
8,,ALL,20/11/1991,,Ammonium nitrate,453,kg/ha,5,,band - beside row,,,,,,
9,,ALL,26/10/1992,,Ammonium nitrate,570,kg/ha,10,,band - beside row,,,,,,
12,,2,27/10/1992,,Ammonium nitrate,370,kg/ha,10,,band - beside row,,,,,,
12,,3,27/10/1992,,Ammonium nitrate,370,kg/ha,10,,band - beside row,,,,,,
12,,4,27/10/1992,,Ammonium nitrate,370,kg/ha,10,,band - beside row,,,,,,
12,,4,25/11/1992,,Anhydrous ammonia,347,kg/ha,0,,band - stool splitting,Broadcast along each side of stool,,,,,
12,,4,13/01/1993,,Anhydrous ammonia,346,kg/ha,0,,band - stool splitting,,,,,,
12,,4,15/03/1993,,Anhydrous ammonia,346,kg/ha,0,,band - stool splitting,,,,,,
12,,4,03/05/1993,,Anhydrous ammonia,346,kg/ha,0,,band - stool splitting,,,,,,
12,,6,27/10/1992,,Ammonium nitrate,370,kg/ha,10,,band - beside row,,,,,,
12,,ALL,27/10/1992,,Ammonium nitrate,171,kg/ha,10,,band - beside row,,,,,,
12,,ALL,27/10/1992,,Ammonium nitrate,259,kg/ha,10,,band - beside row,,,,,,
13,,1,24/11/1994,,Ammonium nitrate,435,kg/ha,5,,band - beside row,,,,,,
13,,1,02/02/1995,,Ammonium sulphate,59,kg/ha,0,,band - interrow,,,,,,
13,,1,22/02/1995,,Ammonium sulphate,33,kg/ha,0,,band - interrow,,,,,,
13,,1,12/03/1995,,Ammonium sulphate,33,kg/ha,0,,band - interrow,,,,,,
13,,1,26/03/1995,,Ammonium sulphate,33,kg/ha,0,,band - interrow,,,,,,
13,,1,09/04/1995,,Ammonium sulphate,33,kg/ha,0,,band - interrow,,,,,,
13,,1,24/04/1995,,Ammonium sulphate,33,kg/ha,0,,band - interrow,,,,,,
13,,1,11/05/1995,,Ammonium sulphate,33,kg/ha,0,,band - interrow,,,,,,
13,,2,24/11/1994,,Ammonium nitrate,435,kg/ha,5,,band - beside row,,,,,,
13,,2,02/02/1995,,Ammonium sulphate,59,kg/ha,0,,band - interrow,,,,,,
13,,2,22/02/1995,,Ammonium sulphate,33,kg/ha,0,,band - interrow,,,,,,
13,,2,12/03/1995,,Ammonium sulphate,33,kg/ha,0,,band - interrow,,,,,,
13,,2,26/03/1995,,Ammonium sulphate,33,kg/ha,0,,band - interrow,,,,,,
13,,2,09/04/1995,,Ammonium sulphate,33,kg/ha,0,,band - interrow,,,,,,
13,,2,24/04/1995,,Ammonium sulphate,33,kg/ha,0,,band - interrow,,,,,,
13,,2,11/05/1995,,Ammonium sulphate,33,kg/ha,0,,band - interrow,,,,,,
13,,3,24/11/1994,,Ammonium nitrate,435,kg/ha,5,,band - beside row,,,,,,
13,,5,24/11/1994,,Ammonium nitrate,435,kg/ha,5,,band - beside row,,,,,,
13,,6,24/11/1994,,Ammonium nitrate,163,kg/ha,5,,band - beside row,,,,,,
13,,ALL,28/09/1994,,Ammonium nitrate,108,kg/ha,7,,band - beside row,applied with planting billets,,,,,
13,,ALL,28/09/1994,,Ammonium nitrate,118,kg/ha,7,,band - beside row,Muriate of Potash,,,,,
14,,1,27/11/1995,,Ammonium nitrate,435,kg/ha,5,,band - beside row,,,,,,
14,,2,27/11/1995,,Ammonium nitrate,435,kg/ha,5,,band - beside row,,,,,,
14,,3,27/11/1995,,Ammonium nitrate,435,kg/ha,5,,band - beside row,,,,,,
14,,5,27/11/1995,,Ammonium nitrate,435,kg/ha,5,,band - beside row,,,,,,
14,,6,27/11/1995,,Ammonium nitrate,163,kg/ha,5,,band - beside row,,,,,,
15,,1,11/11/1997,,Ammonium nitrate,435,kg/ha,0,,band - beside row,Afternoon storms,,,,,
15,,2,11/11/1997,,Ammonium nitrate,435,kg/ha,0,,band - beside row,Afternoon storms,,,,,
15,,3,11/11/1997,,Ammonium nitrate,435,kg/ha,0,,band - beside row,Afternoon storms,,,,,
15,,5,11/11/1997,,Ammonium nitrate,435,kg/ha,0,,band - beside row,Afternoon storms,,,,,
15,,6,11/11/1997,,Ammonium nitrate,163,kg/ha,0,,band - beside row,Afternoon storms,,,,,
17,,1,10/09/1993,,Ammonium nitrate,290,kg/ha,25,,band - beside row,,,,,,
17,,2,10/09/1993,,Ammonium nitrate,290,kg/ha,25,,band - beside row,,,,,,
17,,2,08/10/1993,,Ammonium nitrate,120,kg/ha,25,,band - beside row,,,,,,
17,,3,10/09/1993,,Ammonium nitrate,290,kg/ha,25,,band - beside row,,,,,,
17,,3,08/10/1993,,Ammonium nitrate,120,kg/ha,25,,band - beside row,,,,,,
17,,3,21/10/1993,,Ammonium nitrate,360,kg/ha,25,,band - beside row,,,,,,
17,,3,24/11/1993,,Ammonium nitrate,140,kg/ha,25,,band - beside row,,,,,,
17,,3,29/12/1993,,Ammonium sulphate,175,kg/ha,0,,band - interrow,,,,,,
17,,3,29/12/1993,,Ammonium sulphate,175,kg/ha,0,,band - interrow,tape on surface,,,,,
17,,3,27/01/1994,,Ammonium sulphate,175,kg/ha,0,,band - interrow,,,,,,
17,,3,09/03/1994,,Ammonium sulphate,175,kg/ha,0,,band - interrow,,,,,,
17,,3,05/04/1994,,Ammonium sulphate,175,kg/ha,0,,band - interrow,,,,,,
17,,3,10/05/1994,,Ammonium sulphate,175,kg/ha,0,,band - interrow,,,,,,
17,,3,09/06/1994,,Ammonium sulphate,175,kg/ha,0,,band - interrow,,,,,,
17,,3,27/07/1994,,Ammonium sulphate,175,kg/ha,0,,band - interrow,,,,,,
17,,4,20/09/1993,,Ammonium nitrate,320,kg/ha,25,,band - beside row,,,,,,
17,,5,20/09/1993,,Ammonium nitrate,320,kg/ha,25,,band - beside row,,,,,,
17,,5,21/09/1993,,Ammonium nitrate,120,kg/ha,25,,band - beside row,,,,,,
17,,6,20/09/1993,,Ammonium nitrate,320,kg/ha,25,,band - beside row,,,,,,
17,,6,21/09/1993,,Ammonium nitrate,120,kg/ha,25,,band - beside row,,,,,,
17,,6,21/10/1993,,Ammonium nitrate,360,kg/ha,25,,band - beside row,,,,,,
17,,6,08/11/1993,,Anhydrous ammonia,295,kg/ha,0,,band - stool splitting,hand broardcast,,,,,
17,,6,30/12/1993,,Ammonium sulphate,175,kg/ha,0,,band - interrow,,,,,,
17,,6,28/01/1994,,Ammonium sulphate,175,kg/ha,0,,band - interrow,,,,,,
17,,6,09/03/1994,,Ammonium sulphate,175,kg/ha,0,,band - interrow,,,,,,
17,,6,05/04/1994,,Ammonium sulphate,175,kg/ha,0,,band - interrow,,,,,,
17,,6,10/05/1994,,Ammonium sulphate,175,kg/ha,0,,band - interrow,,,,,,
17,,6,09/06/1994,,Ammonium sulphate,175,kg/ha,0,,band - interrow,,,,,,
17,,6,27/07/1994,,Ammonium sulphate,175,kg/ha,0,,band - interrow,,,,,,
17,,ALL,10/09/1993,,Ammonium nitrate,2,kg/ha,0,,band - beside row,"Natrakelp - organic liquid seaweed, soil conditioner and fertilizer",,,,,
17,,ALL,10/09/1993,,Ammonium nitrate,5,kg/ha,0,,band - beside row,Flowfeed BM7 -liquid starter brew,,,,,
18,,ALL,27/10/1993,,Ammonium nitrate,494,kg/ha,30,,band - beside row,banded either side of row at 330mm,,,,,
18,,ALL,31/10/1993,,Ammonium nitrate,308,kg/ha,30,,band - beside row,banded either side of row at 330 cm,,,,,
19,,2,27/10/1993,,Ammonium nitrate,494,kg/ha,30,,band - beside row,Banded 330cm either side of the stool,,,,,
19,,3,27/10/1993,,Ammonium nitrate,494,kg/ha,30,,band - beside row,Banded 330cm either side of the stool,,,,,
19,,3,31/10/1993,,Ammonium nitrate,308,kg/ha,30,,band - beside row,Banded 330cm either side of stool,,,,,
19,,ALL,31/10/1993,,Ammonium nitrate,308,kg/ha,30,,band - beside row,Banded 330cm either side of stool,,,,,
20,,ALL,07/09/1993,,Ammonium nitrate,618,kg/ha,0,,band - beside row,Banded 330cm either side of row,,,,,
21,,ALL,16/07/1991,,Ammonium nitrate,126,kg/ha,10,,band - beside row,Crop King 66s,,,,,
21,,ALL,10/09/1991,,Ammonium nitrate,195,kg/ha,5,,band - beside row,,,,,,
21,,ALL,08/10/1991,,Ammonium nitrate,390,kg/ha,5,,band - beside row,,,,,,
21,,ALL,10/10/1991,,Ammonium nitrate - sulphate,10,kg/ha,0,,band - below row,,,,,,
21,,ALL,24/10/1991,,Ammonium nitrate,540,kg/ha,5,,band - beside row,,,,,,
22,,5,04/01/1994,,Ammonium sulphate,33,kg/ha,0,,band - interrow,,,,,,
22,,5,18/01/1994,,Ammonium sulphate,33,kg/ha,0,,band - interrow,,,,,,
22,,5,01/02/1994,,Ammonium sulphate,33,kg/ha,0,,band - interrow,,,,,,
22,,5,17/02/1994,,Ammonium sulphate,33,kg/ha,0,,band - interrow,,,,,,
22,,5,01/03/1994,,Ammonium sulphate,33,kg/ha,0,,band - interrow,,,,,,
22,,5,11/03/1994,,Ammonium sulphate,33,kg/ha,0,,band - interrow,,,,,,
22,,5,05/04/1994,,Ammonium sulphate,33,kg/ha,0,,band - interrow,,,,,,
22,,5,14/04/1994,,Ammonium sulphate,33,kg/ha,0,,band - interrow,,,,,,
22,,5,27/04/1994,,Ammonium sulphate,33,kg/ha,0,,band - interrow,,,,,,
22,,5,24/05/1994,,Ammonium sulphate,33,kg/ha,0,,band - interrow,,,,,,
22,,5,05/06/1994,,Ammonium sulphate,33,kg/ha,0,,band - interrow,,,,,,
22,,5,21/06/1994,,Ammonium sulphate,33,kg/ha,0,,band - interrow,,,,,,
22,,5,21/07/1994,,Ammonium sulphate,33,kg/ha,0,,band - interrow,,,,,,
22,,5,26/07/1994,,Ammonium sulphate,33,kg/ha,0,,band - interrow,,,,,,
22,,5,04/08/1994,,Ammonium sulphate,33,kg/ha,0,,band - interrow,,,,,,
22,,5,22/09/1994,,Ammonium sulphate,65,kg/ha,0,,band - interrow,,,,,,
22,,5,05/10/1994,,Ammonium sulphate,33,kg/ha,0,,band - interrow,,,,,,
22,,5,17/10/1994,,Ammonium sulphate,33,kg/ha,0,,band - interrow,,,,,,
22,,5,04/11/1994,,Ammonium sulphate,33,kg/ha,0,,band - interrow,,,,,,
22,,5,20/11/1994,,Ammonium sulphate,33,kg/ha,0,,band - interrow,,,,,,
22,,5,08/12/1994,,Ammonium sulphate,33,kg/ha,0,,band - interrow,,,,,,
22,,5,22/12/1994,,Ammonium sulphate,33,kg/ha,0,,band - interrow,,,,,,
22,,5,03/01/1995,,Ammonium sulphate,33,kg/ha,0,,band - interrow,,,,,,
22,,5,11/01/1995,,Ammonium sulphate,33,kg/ha,0,,band - interrow,,,,,,
22,,5,29/01/1995,,Ammonium sulphate,33,kg/ha,0,,band - interrow,,,,,,
22,,5,12/02/1995,,Ammonium sulphate,33,kg/ha,0,,band - interrow,,,,,,
22,,5,03/03/1995,,Ammonium sulphate,33,kg/ha,0,,band - interrow,,,,,,
22,,5,17/03/1995,,Ammonium sulphate,33,kg/ha,0,,band - interrow,,,,,,
22,,5,01/04/1995,,Ammonium sulphate,33,kg/ha,0,,band - interrow,,,,,,
22,,5,15/04/1995,,Ammonium sulphate,33,kg/ha,0,,band - interrow,,,,,,
22,,5,27/07/1995,,Ammonium sulphate,65,kg/ha,0,,band - interrow,,,,,,
22,,6,04/01/1994,,Ammonium sulphate,33,kg/ha,0,,band - interrow,,,,,,
22,,6,18/01/1994,,Ammonium sulphate,33,kg/ha,0,,band - interrow,,,,,,
22,,6,01/02/1994,,Ammonium sulphate,33,kg/ha,0,,band - interrow,,,,,,
22,,6,17/02/1994,,Ammonium sulphate,33,kg/ha,0,,band - interrow,,,,,,
22,,6,01/03/1994,,Ammonium sulphate,33,kg/ha,0,,band - interrow,,,,,,
22,,6,11/03/1994,,Ammonium sulphate,33,kg/ha,0,,band - interrow,,,,,,
22,,6,05/04/1994,,Ammonium sulphate,33,kg/ha,0,,band - interrow,,,,,,
22,,6,14/04/1994,,Ammonium sulphate,33,kg/ha,0,,band - interrow,,,,,,
22,,6,27/04/1994,,Ammonium sulphate,33,kg/ha,0,,band - interrow,,,,,,
22,,6,24/05/1994,,Ammonium sulphate,33,kg/ha,0,,band - interrow,,,,,,
22,,6,05/06/1994,,Ammonium sulphate,33,kg/ha,0,,band - interrow,,,,,,
22,,6,21/06/1994,,Ammonium sulphate,33,kg/ha,0,,band - interrow,,,,,,
22,,6,21/07/1994,,Ammonium sulphate,33,kg/ha,0,,band - interrow,,,,,,
22,,6,26/07/1994,,Ammonium sulphate,33,kg/ha,0,,band - interrow,,,,,,
22,,6,04/08/1994,,Ammonium sulphate,33,kg/ha,0,,band - interrow,,,,,,
22,,6,22/09/1994,,Ammonium sulphate,65,kg/ha,0,,band - interrow,,,,,,
22,,6,05/10/1994,,Ammonium sulphate,33,kg/ha,0,,band - interrow,,,,,,
22,,6,17/10/1994,,Ammonium sulphate,33,kg/ha,0,,band - interrow,,,,,,
22,,6,04/11/1994,,Ammonium sulphate,33,kg/ha,0,,band - interrow,,,,,,
22,,6,20/11/1994,,Ammonium sulphate,33,kg/ha,0,,band - interrow,,,,,,
22,,6,08/12/1994,,Ammonium sulphate,33,kg/ha,0,,band - interrow,,,,,,
22,,6,22/12/1994,,Ammonium sulphate,33,kg/ha,0,,band - interrow,,,,,,
22,,6,03/01/1995,,Ammonium sulphate,33,kg/ha,0,,band - interrow,,,,,,
22,,6,11/01/1995,,Ammonium sulphate,33,kg/ha,0,,band - interrow,,,,,,
22,,6,29/01/1995,,Ammonium sulphate,33,kg/ha,0,,band - interrow,,,,,,
22,,6,12/02/1995,,Ammonium sulphate,33,kg/ha,0,,band - interrow,,,,,,
22,,6,03/03/1995,,Ammonium sulphate,33,kg/ha,0,,band - interrow,,,,,,
22,,6,17/03/1995,,Ammonium sulphate,33,kg/ha,0,,band - interrow,,,,,,
22,,6,01/04/1995,,Ammonium sulphate,33,kg/ha,0,,band - interrow,,,,,,
22,,6,15/04/1995,,Ammonium sulphate,33,kg/ha,0,,band - interrow,,,,,,
22,,6,27/07/1995,,Ammonium sulphate,65,kg/ha,0,,band - interrow,,,,,,
22,,ALL,21/09/1993,,Ammonium nitrate,54,kg/ha,0,,band - beside row,,,,,,
22,,ALL,21/09/1993,,Ammonium nitrate,125,kg/ha,0,,band - beside row,Applied at planting,,,,,
22,,ALL,21/09/1993,,Ammonium nitrate,150,kg/ha,0,,band - beside row,,,,,,
22,,ALL,01/12/1993,,Ammonium nitrate,466,kg/ha,8,,band - beside row,Applied by nswsmc,,,,,
23,,ALL,06/12/1995,,Ammonium nitrate,800,kg/ha,0,,band - beside row,Applied by NSWSMC field staff,,,,,
27,,1,01/06/1977,,Unknown,150,kg/ha,0,,,,,,,,
27,,1,30/06/1977,,Unknown,150,kg/ha,0,,,,,,,,
27,,1,30/08/1977,,Unknown,250,kg/ha,0,,,,,,,,
27,,1,01/09/1977,,Unknown,190,kg/ha,0,,,,,,,,
27,,1,29/09/1977,,Unknown,250,kg/ha,0,,,,,,,,
27,,1,30/09/1977,,Unknown,190,kg/ha,0,,,,,,,,
28,,ALL,02/05/1978,,Unknown,276,kg/ha,0,,,,,,,,
28,,ALL,02/08/1978,,Unknown,250,kg/ha,0,,,,,,,,
32,,ALL,09/11/1993,,Ammonium nitrate,259,kg/ha,20,,band - beside row,401 Booster Force banded either side of row at 33 cm,,,,,
32,,ALL,11/11/1993,,Ammonium nitrate,625,kg/ha,20,,band - beside row,Banded 33 cm either side of stool,,,,,
33,,10,10/10/1979,,Ammonium nitrate,209,kg/ha,0,,band - beside row,,,,,,
33,,11,10/10/1979,,Ammonium nitrate,209,kg/ha,0,,band - beside row,,,,,,
33,,12,10/10/1979,,Ammonium nitrate,209,kg/ha,0,,band - beside row,,,,,,
33,,13,10/10/1979,,Ammonium nitrate,287,kg/ha,0,,band - beside row,,,,,,
33,,14,10/10/1979,,Ammonium nitrate,287,kg/ha,0,,band - beside row,,,,,,
33,,15,10/10/1979,,Ammonium nitrate,287,kg/ha,0,,band - beside row,,,,,,
33,,16,10/10/1979,,Ammonium nitrate,287,kg/ha,0,,band - beside row,,,,,,
33,,17,10/10/1979,,Ammonium nitrate,404,kg/ha,0,,band - beside row,,,,,,
33,,18,10/10/1979,,Ammonium nitrate,404,kg/ha,0,,band - beside row,,,,,,
33,,19,10/10/1979,,Ammonium nitrate,404,kg/ha,0,,band - beside row,,,,,,
33,,20,10/10/1979,,Ammonium nitrate,404,kg/ha,0,,band - beside row,,,,,,
33,,21,10/10/1979,,Ammonium nitrate,541,kg/ha,0,,band - beside row,,,,,,
33,,22,10/10/1979,,Ammonium nitrate,541,kg/ha,0,,band - beside row,,,,,,
33,,23,10/10/1979,,Ammonium nitrate,541,kg/ha,0,,band - beside row,,,,,,
33,,24,10/10/1979,,Ammonium nitrate,541,kg/ha,0,,band - beside row,,,,,,
33,,5,10/10/1979,,Ammonium nitrate,130,kg/ha,0,,band - beside row,,,,,,
33,,6,10/10/1979,,Ammonium nitrate,130,kg/ha,0,,band - beside row,,,,,,
33,,7,10/10/1979,,Ammonium nitrate,130,kg/ha,0,,band - beside row,,,,,,
33,,8,10/10/1979,,Ammonium nitrate,130,kg/ha,0,,band - beside row,,,,,,
33,,9,10/10/1979,,Ammonium nitrate,130,kg/ha,0,,band - beside row,,,,,,
33,,9,10/10/1979,,Ammonium nitrate,209,kg/ha,0,,band - beside row,,,,,,
33,,ALL,19/07/1979,,Ammonium nitrate,245,kg/ha,0,,band - beside row,,,,,,
34,,10,27/10/1980,,Ammonium nitrate,180,kg/ha,0,,band - beside row,,,,,,
34,,11,27/10/1980,,Ammonium nitrate,180,kg/ha,0,,band - beside row,,,,,,
34,,12,27/10/1980,,Ammonium nitrate,180,kg/ha,0,,band - beside row,,,,,,
34,,13,27/10/1980,,Ammonium nitrate,259,kg/ha,0,,band - beside row,,,,,,
34,,14,27/10/1980,,Ammonium nitrate,259,kg/ha,0,,band - beside row,,,,,,
34,,15,27/10/1980,,Ammonium nitrate,259,kg/ha,0,,band - beside row,,,,,,
34,,16,27/10/1980,,Ammonium nitrate,259,kg/ha,0,,band - beside row,,,,,,
34,,17,27/10/1980,,Ammonium nitrate,313,kg/ha,0,,band - beside row,,,,,,
34,,18,27/10/1980,,Ammonium nitrate,313,kg/ha,0,,band - beside row,,,,,,
34,,19,27/10/1980,,Ammonium nitrate,313,kg/ha,0,,band - beside row,,,,,,
34,,20,27/10/1980,,Ammonium nitrate,313,kg/ha,0,,band - beside row,,,,,,
34,,21,21/08/1980,,Ammonium nitrate,506,kg/ha,0,,band - beside row,,,,,,
34,,22,21/08/1980,,Ammonium nitrate,506,kg/ha,0,,band - beside row,,,,,,
34,,23,21/08/1980,,Ammonium nitrate,506,kg/ha,0,,band - beside row,,,,,,
34,,24,21/08/1980,,Ammonium nitrate,506,kg/ha,0,,band - beside row,,,,,,
34,,5,27/10/1980,,Ammonium nitrate,91,kg/ha,0,,band - beside row,,,,,,
34,,6,27/10/1980,,Ammonium nitrate,91,kg/ha,0,,band - beside row,,,,,,
34,,7,27/10/1980,,Ammonium nitrate,91,kg/ha,0,,band - beside row,,,,,,
34,,8,27/10/1980,,Ammonium nitrate,91,kg/ha,0,,band - beside row,,,,,,
34,,9,27/10/1980,,Ammonium nitrate,180,kg/ha,0,,band - beside row,,,,,,
34,,ALL,21/08/1980,,Ammonium nitrate,230,kg/ha,0,,band - beside row,,,,,,
35,,10,14/10/1981,,Ammonium nitrate,224,kg/ha,0,,band - beside row,,,,,,
35,,11,14/10/1981,,Ammonium nitrate,224,kg/ha,0,,band - beside row,,,,,,
35,,12,14/10/1981,,Ammonium nitrate,224,kg/ha,0,,band - beside row,,,,,,
35,,13,14/10/1981,,Ammonium nitrate,291,kg/ha,0,,band - beside row,,,,,,
35,,14,14/10/1981,,Ammonium nitrate,291,kg/ha,0,,band - beside row,,,,,,
35,,15,14/10/1981,,Ammonium nitrate,291,kg/ha,0,,band - beside row,,,,,,
35,,16,14/10/1981,,Ammonium nitrate,291,kg/ha,0,,band - beside row,,,,,,
35,,17,14/10/1981,,Ammonium nitrate,439,kg/ha,0,,band - beside row,,,,,,
35,,18,14/10/1981,,Ammonium nitrate,439,kg/ha,0,,band - beside row,,,,,,
35,,19,14/10/1981,,Ammonium nitrate,439,kg/ha,0,,band - beside row,,,,,,
35,,20,14/10/1981,,Ammonium nitrate,439,kg/ha,0,,band - beside row,,,,,,
35,,21,14/10/1981,,Ammonium nitrate,502,kg/ha,0,,band - beside row,,,,,,
35,,22,14/10/1981,,Ammonium nitrate,502,kg/ha,0,,band - beside row,,,,,,
35,,23,14/10/1981,,Ammonium nitrate,502,kg/ha,0,,band - beside row,,,,,,
35,,24,14/10/1981,,Ammonium nitrate,502,kg/ha,0,,band - beside row,,,,,,
35,,9,14/10/1981,,Ammonium nitrate,224,kg/ha,0,,band - beside row,,,,,,
35,,ALL,14/09/1981,,Ammonium nitrate,280,kg/ha,0,,band - beside row,,,,,,
36,,2,12/10/1993,,Aqua ammonia,170,kg/ha,10,,band - on stool,,,,,,
36,,4,12/10/1993,,Aqua ammonia,170,kg/ha,10,,band - on stool,,,,,,
36,,6,12/10/1993,,Aqua ammonia,170,kg/ha,10,,band - on stool,,,,,,
36,,8,12/10/1993,,Aqua ammonia,170,kg/ha,10,,band - on stool,,,,,,
36,,8,01/11/1993,,Aqua ammonia,70,kg/ha,0,,band - on stool,4 split applications,,,,,
36,,8,20/12/1993,,Aqua ammonia,70,kg/ha,0,,band - on stool,4 split applications,,,,,
36,,8,07/02/1994,,Aqua ammonia,70,kg/ha,0,,band - on stool,4 split applications,,,,,
36,,8,15/03/1994,,Aqua ammonia,70,kg/ha,0,,band - on stool,4 split applications,,,,,
36,,ALL,06/09/1993,,Ammonium nitrate,170,kg/ha,0,,band - beside row,,,,,,
36,,ALL,06/09/1993,,Ammonium nitrate,260,kg/ha,0,,band - beside row,,,,,,
37,,2,25/11/1993,,Ammonium nitrate,432,kg/ha,25,,band - beside row,GrowForce 554 at 3.5 bags/acre,,,,,
37,,2,21/12/1993,,Unknown,237,kg/ha,0,,,,,,,,
37,,4,25/11/1993,,Ammonium nitrate,432,kg/ha,25,,band - beside row,GrowForce 554 at 3.5 bags/acre,,,,,
37,,4,21/12/1993,,Unknown,237,kg/ha,0,,,,,,,,
40,,ALL,10/04/1995,,Ammonium nitrate,4940,kg/ha,0,,band - beside row,"Agriculture Lime  Woodstock - Near Tsv. CaCo3 97.5%, Ca 39%, Mg 0.5 %",,,,,
40,,ALL,06/07/1995,,Ammonium nitrate,247,kg/ha,0,,band - beside row,,,,,,
40,,ALL,15/10/1995,,Ammonium nitrate,124,kg/ha,0,,band - beside row,,,,,,
41,,ALL,06/03/1995,,Ammonium nitrate,2,kg/ha,0,,band - beside row,,,,,,
41,,ALL,12/04/1995,,Ammonium nitrate,250,kg/ha,15,,band - beside row,Fertiliser added at planting,,,,,
41,,ALL,01/09/1995,,Ammonium nitrate,300,kg/ha,0,,band - beside row,,,,,,
41,,ALL,06/09/1995,,Ammonium nitrate,300,kg/ha,0,,band - beside row,Incorporated by hilling up,,,,,
45,,ALL,18/07/1996,,Ammonium nitrate,494,kg/ha,10,,band - beside row,,,,,,
201,,ALL,21/04/1997,,Ammonium nitrate,282,kg/ha,10,,band - beside row,GF - 401,,,,,
201,,ALL,26/08/1997,,Ammonium nitrate,414,kg/ha,5,,band - beside row,,,,,,
202,,ALL,10/05/1997,,Ammonium nitrate,2471,kg/ha,15,,band - beside row,Blend 3 - Lime,,,,,
202,,ALL,01/06/1997,,Ammonium nitrate,371,kg/ha,10,,band - beside row,"GF - 351, placed on both sides of row",,,,,
202,,ALL,25/09/1997,,Ammonium nitrate,247,kg/ha,0,,band - beside row,,,,,,
202,,ALL,17/10/1997,,Ammonium nitrate,247,kg/ha,0,,band - beside row,,,,,,
203,,ALL,29/08/1997,,Ammonium nitrate,432,kg/ha,10,,band - beside row,Placed on both sides of row,,,,,
203,,ALL,13/11/1997,,Ammonium nitrate,173,kg/ha,5,,band - beside row,Placed on both sides of row,,,,,
203,,ALL,05/12/1997,,Ammonium nitrate,247,kg/ha,5,,band - beside row,Placed on both sides of row,,,,,
440,,ALL,28/04/1997,,Ammonium nitrate,250,kg/ha,200,,band - beside row,"200 cm deep bands, 125 mm each side of centre",,,,,
440,,ALL,18/08/1997,,Ammonium nitrate,400,kg/ha,0,,band - beside row,,,,,,
445,,ALL,19/09/1999,,Ammonium nitrate,200,kg/ha,15,,band - beside row,"banded 250mm each side of stool, clean furrow with riding-up boards.",,,,,
445,,ALL,19/09/1999,,Ammonium nitrate,420,kg/ha,15,,band - beside row,"banded 250mm each side of stool, clean furrow with riding-up boards.",,,,,
501,,ALL,22/01/1991,,Ammonium nitrate,333,kg/ha,55,,band - beside row,,,,,,
501,,ALL,01/04/1991,,Ammonium sulphate,65,kg/ha,0,,band - interrow,,,,,,
501,,ALL,01/04/1991,,Ammonium sulphate,150,kg/ha,0,,band - interrow,,,,,,
501,,ALL,23/04/1991,,Ammonium sulphate,66,kg/ha,0,,band - interrow,,,,,,
501,,ALL,23/04/1991,,Ammonium sulphate,87,kg/ha,0,,band - interrow,,,,,,
501,,ALL,29/05/1991,,Ammonium sulphate,83,kg/ha,0,,band - interrow,,,,,,
501,,ALL,29/05/1991,,Ammonium sulphate,109,kg/ha,0,,band - interrow,,,,,,
501,,ALL,20/06/1991,,Ammonium sulphate,100,kg/ha,0,,band - interrow,,,,,,
501,,ALL,20/06/1991,,Ammonium sulphate,130,kg/ha,0,,band - interrow,,,,,,
501,,ALL,31/07/1991,,Ammonium sulphate,83,kg/ha,0,,band - interrow,,,,,,
501,,ALL,31/07/1991,,Ammonium sulphate,109,kg/ha,0,,band - interrow,,,,,,
501,,ALL,22/08/1991,,Ammonium sulphate,66,kg/ha,0,,band - interrow,,,,,,
501,,ALL,22/08/1991,,Ammonium sulphate,87,kg/ha,0,,band - interrow,,,,,,
501,,ALL,01/11/1991,,Ammonium sulphate,83,kg/ha,0,,band - interrow,,,,,,
501,,ALL,01/11/1991,,Ammonium sulphate,109,kg/ha,0,,band - interrow,,,,,,
502,,ALL,22/01/1991,,Ammonium nitrate,333,kg/ha,55,,band - beside row,,,,,,
502,,ALL,01/04/1991,,Ammonium sulphate,65,kg/ha,0,,band - interrow,,,,,,
502,,ALL,01/04/1991,,Ammonium sulphate,150,kg/ha,0,,band - interrow,,,,,,
502,,ALL,23/04/1991,,Ammonium sulphate,66,kg/ha,0,,band - interrow,,,,,,
502,,ALL,23/04/1991,,Ammonium sulphate,87,kg/ha,0,,band - interrow,,,,,,
502,,ALL,29/05/1991,,Ammonium sulphate,83,kg/ha,0,,band - interrow,,,,,,
502,,ALL,29/05/1991,,Ammonium sulphate,109,kg/ha,0,,band - interrow,,,,,,
502,,ALL,20/06/1991,,Ammonium sulphate,100,kg/ha,0,,band - interrow,,,,,,
502,,ALL,20/06/1991,,Ammonium sulphate,130,kg/ha,0,,band - interrow,,,,,,
502,,ALL,31/07/1991,,Ammonium sulphate,83,kg/ha,0,,band - interrow,,,,,,
502,,ALL,31/07/1991,,Ammonium sulphate,109,kg/ha,0,,band - interrow,,,,,,
502,,ALL,22/08/1991,,Ammonium sulphate,66,kg/ha,0,,band - interrow,,,,,,
502,,ALL,22/08/1991,,Ammonium sulphate,87,kg/ha,0,,band - interrow,,,,,,
502,,ALL,01/11/1991,,Ammonium sulphate,83,kg/ha,0,,band - interrow,,,,,,
502,,ALL,01/11/1991,,Ammonium sulphate,109,kg/ha,0,,band - interrow,,,,,,
503,,ALL,21/06/1933,,Ammonium nitrate,25,kg/ha,0,,band - beside row,,,,,,
503,,ALL,21/06/1933,,Ammonium nitrate,200,kg/ha,0,,band - beside row,,,,,,
503,,1,05/10/1933,,Ammonium nitrate,25,kg/ha,0,,band - beside row,,,,,,
503,,1,21/12/1933,,Ammonium nitrate,17,kg/ha,0,,band - beside row,,,,,,
503,,1,28/02/1934,,Ammonium nitrate,17,kg/ha,0,,band - beside row,,,,,,
503,,1,05/05/1934,,Ammonium sulphate,17,kg/ha,0,,band - interrow,,,,,,
503,,1,28/06/1934,,Ammonium sulphate,17,kg/ha,0,,band - interrow,,,,,,
503,,1,28/08/1934,,Ammonium sulphate,17,kg/ha,0,,band - interrow,,,,,,
503,,2,05/10/1933,,Ammonium nitrate,50,kg/ha,0,,band - beside row,,,,,,
503,,2,21/12/1933,,Ammonium nitrate,33,kg/ha,0,,band - beside row,,,,,,
503,,2,28/02/1934,,Ammonium nitrate,33,kg/ha,0,,band - beside row,,,,,,
503,,2,05/05/1934,,Ammonium sulphate,33,kg/ha,0,,band - interrow,,,,,,
503,,2,28/06/1934,,Ammonium sulphate,33,kg/ha,0,,band - interrow,,,,,,
503,,2,28/08/1934,,Ammonium sulphate,33,kg/ha,0,,band - interrow,,,,,,
503,,3,21/06/1933,,Ammonium nitrate,75,kg/ha,0,,band - beside row,,,,,,
503,,3,05/10/1933,,Ammonium nitrate,75,kg/ha,0,,band - beside row,,,,,,
503,,3,21/12/1933,,Ammonium nitrate,99,kg/ha,0,,band - beside row,,,,,,
503,,3,28/02/1934,,Ammonium nitrate,99,kg/ha,0,,band - beside row,,,,,,
503,,3,05/05/1934,,Ammonium sulphate,99,kg/ha,0,,band - interrow,,,,,,
503,,3,28/06/1934,,Ammonium sulphate,99,kg/ha,0,,band - interrow,,,,,,
503,,3,28/08/1934,,Ammonium sulphate,99,kg/ha,0,,band - interrow,,,,,,
505,,2,16/09/1940,,Ammonium nitrate,300,kg/ha,0,,band - beside row,,,,,,
505,,2,15/11/1940,,Ammonium nitrate,300,kg/ha,0,,band - beside row,,,,,,
505,,3,16/09/1940,,Ammonium nitrate,300,kg/ha,0,,band - beside row,,,,,,
505,,3,15/11/1940,,Ammonium nitrate,300,kg/ha,0,,band - beside row,,,,,,
505,,3,23/06/1941,,Ammonium nitrate,300,kg/ha,0,,band - beside row,,,,,,
505,,4,16/09/1940,,Ammonium nitrate,300,kg/ha,0,,band - beside row,,,,,,
505,,4,15/11/1940,,Ammonium nitrate,300,kg/ha,0,,band - beside row,,,,,,
505,,4,17/03/1941,,Ammonium nitrate,300,kg/ha,0,,band - beside row,,,,,,
505,,5,16/09/1940,,Ammonium nitrate,300,kg/ha,0,,band - beside row,,,,,,
505,,5,15/11/1940,,Ammonium nitrate,300,kg/ha,0,,band - beside row,,,,,,
505,,5,17/03/1941,,Ammonium nitrate,300,kg/ha,0,,band - beside row,,,,,,
505,,5,23/06/1941,,Ammonium nitrate,300,kg/ha,0,,band - beside row,,,,,,
505,,ALL,26/07/1940,,Ammonium nitrate,686,kg/ha,0,,band - beside row,,,,,,
505,,ALL,16/09/1940,,Ammonium nitrate,220,kg/ha,0,,band - beside row,,,,,,
506,,2,01/07/1942,,Ammonium nitrate,200,kg/ha,0,,band - beside row,,,,,,
506,,2,10/09/1942,,Ammonium nitrate,240,kg/ha,0,,band - beside row,,,,,,
506,,3,01/07/1942,,Ammonium nitrate,200,kg/ha,0,,band - beside row,,,,,,
506,,3,10/09/1942,,Ammonium nitrate,240,kg/ha,0,,band - beside row,,,,,,
506,,3,27/04/1943,,Ammonium nitrate,240,kg/ha,0,,band - beside row,,,,,,
506,,4,01/07/1942,,Ammonium nitrate,200,kg/ha,0,,band - beside row,,,,,,
506,,4,10/09/1942,,Ammonium nitrate,240,kg/ha,0,,band - beside row,,,,,,
506,,4,23/10/1942,,Ammonium nitrate,240,kg/ha,0,,band - beside row,,,,,,
506,,5,01/07/1942,,Ammonium nitrate,200,kg/ha,0,,band - beside row,,,,,,
506,,5,10/09/1942,,Ammonium nitrate,240,kg/ha,0,,band - beside row,,,,,,
506,,5,23/10/1942,,Ammonium nitrate,240,kg/ha,0,,band - beside row,,,,,,
506,,5,27/04/1943,,Ammonium nitrate,240,kg/ha,0,,band - beside row,,,,,,
506,,ALL,10/09/1942,,Ammonium nitrate,160,kg/ha,0,,band - beside row,,,,,,
508,,2,22/06/1942,,Ammonium nitrate,200,kg/ha,0,,band - beside row,,,,,,
508,,2,11/09/1942,,Ammonium nitrate,300,kg/ha,0,,band - beside row,,,,,,
508,,3,22/06/1942,,Ammonium nitrate,200,kg/ha,0,,band - beside row,,,,,,
508,,3,11/09/1942,,Ammonium nitrate,600,kg/ha,0,,band - beside row,,,,,,
508,,4,22/06/1942,,Ammonium nitrate,200,kg/ha,0,,band - beside row,,,,,,
509,,2,20/12/1944,,Ammonium nitrate,300,kg/ha,0,,band - beside row,,,,,,
509,,3,15/03/1945,,Ammonium nitrate,600,kg/ha,0,,band - beside row,,,,,,
509,,4,15/03/1945,,Ammonium nitrate,900,kg/ha,0,,band - beside row,,,,,,
601,,ALL,26/06/1996,,Ammonium nitrate,375,kg/ha,12,,band - beside row,,,,,,
601,,ALL,02/09/1996,,Ammonium nitrate,200,kg/ha,15,,band - beside row,,,,,,
607,,ALL,08/08/1996,,Ammonium nitrate,500,kg/ha,17,,band - beside row,At Planting,,,,,
607,,ALL,12/08/1996,,Ammonium nitrate,250,kg/ha,0,,band - beside row,,,,,,
607,,ALL,10/10/1996,,Ammonium nitrate,250,kg/ha,18,,band - beside row,Partial fill in with tynes 180mm deep,,,,,
608,,ALL,01/10/1996,,Ammonium nitrate,500,kg/ha,0,,band - beside row,,,,,,
608,,ALL,19/11/1996,,Ammonium nitrate,500,kg/ha,0,,band - beside row,,,,,,
625,,ALL,07/10/1996,,Ammonium nitrate,375,kg/ha,15,,band - beside row,,,,,,
625,,ALL,22/12/1996,,Ammonium nitrate,250,kg/ha,10,,band - beside row,,,,,,
626,,ALL,15/12/1997,,Ammonium sulphate,50,kg/ha,0,,band - interrow,,,,,,
626,,ALL,15/10/1997,,Ammonium sulphate,100,kg/ha,0,,band - interrow,,,,,,
701,,2,21/11/1996,,Ammonium nitrate,250,kg/ha,20,,band - beside row,N2 nitrogen treatment applied,,,,,
701,,4,21/11/1996,,Ammonium nitrate,250,kg/ha,20,,band - beside row,N2 nitrogen treatment applied,,,,,
701,,6,21/11/1996,,Ammonium nitrate,250,kg/ha,20,,band - beside row,N2 nitrogen treatment applied,,,,,
701,,8,21/11/1996,,Ammonium nitrate,250,kg/ha,20,,band - beside row,N2 nitrogen treatment applied,,,,,
701,,ALL,06/08/1996,,Ammonium nitrate,270,kg/ha,15,,band - beside row,"Done at planting by Ron Rutherford, Sam Pennisi and Wayne Gilby",,,,,
701,,ALL,25/11/1996,,Ammonium nitrate,125,kg/ha,20,,band - beside row,,,,,,
702,,1,20/09/1997,,Ammonium nitrate,61,kg/ha,0,,band - beside row,placed on top of trash,,,,,
702,,1,20/09/1997,,Ammonium nitrate,118,kg/ha,0,,band - beside row,placed on top of trash,,,,,
702,,2,20/09/1997,,Ammonium nitrate,118,kg/ha,0,,band - beside row,placed on top of trash,,,,,
702,,2,20/09/1997,,Ammonium nitrate,350,kg/ha,0,,band - beside row,placed on top of trash,,,,,
702,,3,20/09/1997,,Ammonium nitrate,61,kg/ha,0,,band - beside row,placed on top of trash,,,,,
702,,3,20/09/1997,,Ammonium nitrate,118,kg/ha,0,,band - beside row,placed on top of trash,,,,,
702,,4,20/09/1997,,Ammonium nitrate,118,kg/ha,0,,band - beside row,placed on top of trash,,,,,
702,,4,20/09/1997,,Ammonium nitrate,350,kg/ha,0,,band - beside row,placed on top of trash,,,,,
702,,5,24/10/1997,,Ammonium nitrate,61,kg/ha,0,,band - beside row,placed on top of trash,,,,,
702,,5,24/10/1997,,Ammonium nitrate,118,kg/ha,0,,band - beside row,placed on top of trash,,,,,
702,,6,24/10/1997,,Ammonium nitrate,118,kg/ha,0,,band - beside row,placed on top of trash,,,,,
702,,6,24/10/1997,,Ammonium nitrate,350,kg/ha,0,,band - beside row,placed on tp of trash,,,,,
707,,ALL,20/09/1997,,Ammonium nitrate,118,kg/ha,0,,band - beside row,Muriate of potash,,,,,
707,,ALL,20/09/1997,,Ammonium nitrate,350,kg/ha,0,,band - beside row,,,,,,
707,,ALL,20/10/1997,,Ammonium nitrate,118,kg/ha,0,,band - beside row,Muriate of potash,,,,,
707,,ALL,20/10/1997,,Ammonium nitrate,350,kg/ha,0,,band - beside row,,,,,,
707,,ALL,13/12/1997,,Ammonium nitrate,118,kg/ha,0,,band - beside row,Muriate of potash,,,,,
707,,ALL,13/12/1997,,Ammonium nitrate,350,kg/ha,0,,band - beside row,,,,,,
711,,ALL,30/08/1996,,Ammonium nitrate,232,kg/ha,10,,band - beside row,,,,,,
711,,ALL,30/08/1996,,Ammonium nitrate,346,kg/ha,10,,band - beside row,,,,,,
716,,ALL,07/09/1996,,Ammonium nitrate,50,kg/ha,0,,band - beside row,,,,,,
716,,ALL,05/11/1996,,Ammonium nitrate,200,kg/ha,0,,band - beside row,rain just after application,,,,,
717,,ALL,10/10/1997,,Ammonium nitrate,22300,kg/ha,0,,band - beside row,Trash from ratoon of unknown composition,,,,,
717,,ALL,19/10/1997,,Ammonium nitrate,124,kg/ha,0,,band - beside row,,,,,,
717,,ALL,12/12/1997,,Ammonium nitrate,309,kg/ha,0,,band - beside row,,,,,,
807,,ALL,25/05/1996,,Ammonium nitrate - sulphate,4000,kg/ha,0,,band - below row,4000 L PER HECTARE,,,,,
807,,ALL,18/07/1996,,Ammonium nitrate,250,kg/ha,15,,band - beside row,,,,,,
807,,ALL,27/11/1996,,Ammonium nitrate,200,kg/ha,10,,band - beside row,,,,,,
813,,ALL,07/10/1997,,Ammonium nitrate,613,kg/ha,0,,band - beside row,"Crocane 160s, fertiliser box , side dresser and coulter depth",,,,,
813,,ALL,15/11/1997,,Ammonium nitrate,613,kg/ha,0,,band - beside row,"160S, fertiliser box, side dresser and coulter depth",,,,,
813,,ALL,23/11/1997,,Ammonium nitrate,613,kg/ha,0,,band - beside row,"160S, fertiliser box, side dresser and coulter depth",,,,,
813,,ALL,11/10/1998,,Ammonium nitrate,613,kg/ha,0,,band - beside row,"160S, fertiliser box, side dresser and coulter depth",,,,,
825,,1,14/05/1998,,Ammonium nitrate,740,kg/ha,0,,band - beside row,"side dressed - Incitec 160S; sulfate ammonia, DAP, Urea & potash",,,,,
825,,1,14/05/1998,,Ammonium nitrate,740,kg/ha,0,,band - beside row,"Side dressed Incitec160S: sulfate ammonia,DAP,Urea &potash",,,,,
826,,1,08/06/1999,,Ammonium nitrate,220,kg/ha,0,,band - beside row,Side dressed using fertiliser box,,,,,
826,,1,16/10/1999,,Ammonium nitrate,375,kg/ha,0,,band - beside row,side dressed using fertiliser box,,,,,
826,,2,23/09/1999,,Ammonium nitrate,220,kg/ha,0,,band - beside row,Side dressed using fertiliser box,,,,,
826,,2,16/10/1999,,Ammonium nitrate,375,kg/ha,0,,band - beside row,Side dressed using fertiliser box,,,,,
826,,2,23/09/2000,,Ammonium nitrate,220,kg/ha,0,,band - beside row,Side dressed using fertiliser box,,,,,
835,,ALL,26/09/1997,,Ammonium nitrate,450,kg/ha,15,,band - beside row,Urea S applied in the interrow,,,,,
845,,1,23/07/1998,,Ammonium nitrate,750,kg/ha,88,,band - beside row,Incitec blend GF 552 applied usinf fertilizer box,,,,,
845,,1,23/07/1998,,Ammonium nitrate,750,kg/ha,88,,band - beside row,Incitec blend GF 552 applied using a fertilizer box,,,,,
845,,ALL,14/09/1997,,Ammonium nitrate,192,kg/ha,0,,band - beside row,9.23 Ha fertlized with 16 loads per Ha,,,,,
845,,ALL,28/10/1997,,Ammonium nitrate,380,kg/ha,88,,band - beside row,Applied to 9.23Ha using a fertilizer box at 75 - 100 mm depth,,,,,
875,,ALL,07/10/1998,,Ammonium nitrate,30,kg/ha,20,,band - beside row,Applied 70kg/acre Potash to each side of stoll together with Urea,,,,,
875,,ALL,07/10/1998,,Ammonium nitrate,81,kg/ha,20,,band - beside row,Applied 200kg/acre to each side of stoll together with Potash,,,,,
885,,ALL,24/09/1998,,Ammonium nitrate,840,kg/ha,0,,band - beside row,Applied Incitec blend Green 1 - Ca and N,,,,,
901,,ALL,28/08/1997,,Ammonium sulphate,65,kg/ha,30,,band - interrow,1st of 4 applications,,,,,
901,,ALL,27/10/1997,,Ammonium sulphate,65,kg/ha,30,,band - interrow,2nd of 4 applications,,,,,
901,,ALL,10/12/1997,,Ammonium sulphate,65,kg/ha,30,,band - interrow,3rd of 4 applications,,,,,
901,,ALL,19/02/1998,,Ammonium sulphate,65,kg/ha,30,,band - interrow,Last application of 4,,,,,
902,,ALL,18/12/1998,,Ammonium sulphate,87,kg/ha,30,,band - interrow,1st of 4 applic,,,,,
902,,ALL,19/01/1999,,Ammonium sulphate,87,kg/ha,30,,band - interrow,2nd of 4 applic.,,,,,
902,,ALL,18/02/1999,,Ammonium sulphate,87,kg/ha,30,,band - interrow,3rd of 4 applic.,,,,,
902,,ALL,09/03/1999,,Ammonium sulphate,87,kg/ha,30,,band - interrow,,,,,,
903,,1,24/09/1999,,Unknown,40,kg/ha,0,,,Calcium Chloride,,,,,
903,,1,24/09/1999,,Ammonium nitrate,13,kg/ha,0,,band - beside row,Calcium Chloride,,,,,
903,,10,24/09/1999,,Unknown,40,kg/ha,0,,,Calcium Chloride,,,,,
903,,10,24/09/1999,,Ammonium nitrate,13,kg/ha,0,,band - beside row,Calcium Chloride,,,,,
903,,11,24/09/1999,,Unknown,40,kg/ha,0,,,Calcium Chloride,,,,,
903,,11,24/09/1999,,Ammonium nitrate,13,kg/ha,0,,band - beside row,Calcium Chloride,,,,,
903,,12,24/09/1999,,Unknown,40,kg/ha,0,,,Calcium Chloride,,,,,
903,,12,24/09/1999,,Ammonium nitrate,13,kg/ha,0,,band - beside row,Calcium Chloride,,,,,
903,,2,24/09/1999,,Unknown,40,kg/ha,0,,,Calcium Chloride,,,,,
903,,2,24/09/1999,,Ammonium nitrate,13,kg/ha,0,,band - beside row,Calcium Chloride,,,,,
903,,3,24/09/1999,,Unknown,40,kg/ha,0,,,Calcium Chloride,,,,,
903,,3,24/09/1999,,Ammonium nitrate,13,kg/ha,0,,band - beside row,Calcium Chloride,,,,,
903,,4,24/09/1999,,Unknown,40,kg/ha,0,,,Calcium Chloride,,,,,
903,,4,24/09/1999,,Ammonium nitrate,13,kg/ha,0,,band - beside row,Calcium Chloride,,,,,
903,,5,24/09/1999,,Unknown,40,kg/ha,0,,,Calcium Chloride,,,,,
903,,5,24/09/1999,,Ammonium nitrate,13,kg/ha,0,,band - beside row,Calcium Chloride,,,,,
903,,6,24/09/1999,,Unknown,40,kg/ha,0,,,Calcium Chloride,,,,,
903,,6,24/09/1999,,Ammonium nitrate,13,kg/ha,0,,band - beside row,Calcium Chloride,,,,,
903,,7,24/09/1999,,Unknown,40,kg/ha,0,,,Calcium Chloride,,,,,
903,,7,24/09/1999,,Ammonium nitrate,13,kg/ha,0,,band - beside row,Calcium Chloride,,,,,
903,,8,24/09/1999,,Unknown,40,kg/ha,0,,,Calcium Chloride,,,,,
903,,8,24/09/1999,,Ammonium nitrate,13,kg/ha,0,,band - beside row,Calcium Chloride,,,,,
903,,9,24/09/1999,,Unknown,40,kg/ha,0,,,Calcium Chloride,,,,,
903,,9,24/09/1999,,Ammonium nitrate,13,kg/ha,0,,band - beside row,Calcium Chloride,,,,,
903,,ALL,15/09/1999,,Ammonium nitrate,2000,kg/ha,0,,band - beside row,,,,,,
903,,ALL,15/09/1999,,Ammonium nitrate,10000,kg/ha,0,,band - beside row,,,,,,
905,,1,17/12/1996,,Ammonium nitrate,260,kg/ha,10,,band - beside row,"Conventional fertilizer application of trial, 1 application only.",,,,,
905,,3,29/11/1996,,Ammonium sulphate,33,kg/ha,30,,band - interrow,,,,,,
905,,3,02/01/1997,,Ammonium sulphate,33,kg/ha,30,,band - interrow,Second application of four,,,,,
905,,3,05/02/1997,,Ammonium sulphate,33,kg/ha,30,,band - interrow,Third application of four,,,,,
905,,3,03/03/1997,,Ammonium sulphate,33,kg/ha,30,,band - interrow,Last application,,,,,
905,,4,29/11/1996,,Ammonium sulphate,49,kg/ha,30,,band - interrow,,,,,,
905,,4,02/01/1997,,Ammonium sulphate,49,kg/ha,30,,band - interrow,Second application of four,,,,,
905,,4,05/02/1997,,Ammonium sulphate,49,kg/ha,30,,band - interrow,Third application of four,,,,,
905,,4,03/03/1997,,Ammonium sulphate,49,kg/ha,30,,band - interrow,Last application,,,,,
905,,5,29/11/1996,,Ammonium sulphate,65,kg/ha,30,,band - interrow,,,,,,
905,,5,02/01/1997,,Ammonium sulphate,65,kg/ha,30,,band - interrow,Second application of four,,,,,
905,,5,05/02/1997,,Ammonium sulphate,65,kg/ha,30,,band - interrow,Third application of four,,,,,
905,,5,03/03/1997,,Ammonium sulphate,65,kg/ha,30,,band - interrow,Last applicaction,,,,,
905,,6,29/11/1996,,Ammonium sulphate,98,kg/ha,30,,band - interrow,,,,,,
905,,6,02/01/1997,,Ammonium sulphate,98,kg/ha,30,,band - interrow,Second application of four,,,,,
905,,6,05/02/1997,,Ammonium sulphate,98,kg/ha,30,,band - interrow,Third application of four,,,,,
905,,6,03/03/1997,,Ammonium sulphate,98,kg/ha,30,,band - interrow,Last application,,,,,
905,,ALL,20/03/1996,,Ammonium nitrate - sulphate,10000,kg/ha,0,,band - below row,,,,,,
906,,1,03/12/1997,,Ammonium nitrate,348,kg/ha,15,,band - beside row,,,,,,
906,,3,01/12/1997,,Ammonium sulphate,44,kg/ha,30,,band - interrow,1st of 4 applications,,,,,
906,,3,15/01/1998,,Ammonium sulphate,44,kg/ha,30,,band - interrow,2nd of 4 applications,,,,,
906,,3,06/02/1998,,Ammonium sulphate,44,kg/ha,30,,band - interrow,3rd of 4 applications,,,,,
906,,3,05/03/1998,,Ammonium sulphate,44,kg/ha,30,,band - interrow,4th of 4 applications,,,,,
906,,4,01/12/1997,,Ammonium sulphate,65,kg/ha,30,,band - interrow,1st of 4 applications,,,,,
906,,4,15/01/1998,,Ammonium sulphate,65,kg/ha,30,,band - interrow,2nd of 4 applications,,,,,
906,,4,06/02/1998,,Ammonium sulphate,65,kg/ha,30,,band - interrow,3rd of 4 applications,,,,,
906,,4,05/03/1998,,Ammonium sulphate,65,kg/ha,30,,band - interrow,4th of 4 applications,,,,,
906,,5,01/12/1997,,Ammonium sulphate,87,kg/ha,30,,band - interrow,1st of 4 applications,,,,,
906,,5,15/01/1998,,Ammonium sulphate,87,kg/ha,30,,band - interrow,2nd of 4 applications,,,,,
906,,5,06/02/1998,,Ammonium sulphate,87,kg/ha,30,,band - interrow,3rd of 4 applications,,,,,
906,,5,05/03/1998,,Ammonium sulphate,87,kg/ha,30,,band - interrow,4th of 4 applications,,,,,
906,,6,01/12/1997,,Ammonium sulphate,130,kg/ha,30,,band - interrow,1st of 4 applications,,,,,
906,,6,15/01/1998,,Ammonium sulphate,130,kg/ha,30,,band - interrow,2nd of 4 applications,,,,,
906,,6,06/02/1998,,Ammonium sulphate,130,kg/ha,30,,band - interrow,3rd of 4 applications,,,,,
906,,6,05/03/1998,,Ammonium sulphate,130,kg/ha,30,,band - interrow,4th of 4 applications,,,,,
907,,1,10/12/1998,,Ammonium nitrate,348,kg/ha,10,,band - beside row,Sidedressing treatment.,,,,,
907,,3,15/12/1998,,Ammonium sulphate,44,kg/ha,30,,band - interrow,1st of 4 applic.,,,,,
907,,3,31/12/1998,,Ammonium sulphate,44,kg/ha,30,,band - interrow,2nd of 4 applic.,,,,,
907,,3,17/02/1999,,Ammonium sulphate,44,kg/ha,30,,band - interrow,3rd of 4 applic.,,,,,
907,,3,11/03/1999,,Ammonium sulphate,44,kg/ha,30,,band - interrow,4th of 4 applic,,,,,
907,,4,15/12/1998,,Ammonium sulphate,65,kg/ha,30,,band - interrow,1st of 4 applic.,,,,,
907,,4,31/12/1998,,Ammonium sulphate,65,kg/ha,30,,band - interrow,2nd of 4 applic.,,,,,
907,,4,17/02/1999,,Ammonium sulphate,65,kg/ha,30,,band - interrow,3rd of 4 applic.,,,,,
907,,4,11/03/1999,,Ammonium sulphate,65,kg/ha,30,,band - interrow,4th of 4 applic,,,,,
907,,5,15/12/1998,,Ammonium sulphate,87,kg/ha,30,,band - interrow,1st of 4 applic.,,,,,
907,,5,31/12/1998,,Ammonium sulphate,87,kg/ha,30,,band - interrow,2nd of 4 applic.,,,,,
907,,5,17/02/1999,,Ammonium sulphate,87,kg/ha,30,,band - interrow,3rd of 4 applic.,,,,,
907,,5,11/03/1999,,Ammonium sulphate,87,kg/ha,30,,band - interrow,4th of 4 applic,,,,,
907,,6,15/12/1998,,Ammonium sulphate,130,kg/ha,30,,band - interrow,1st of 4 applic.,,,,,
907,,6,31/12/1998,,Ammonium sulphate,130,kg/ha,30,,band - interrow,2nd of 4 applic.,,,,,
907,,6,17/02/1999,,Ammonium sulphate,130,kg/ha,30,,band - interrow,3rd of 4 applic.,,,,,
907,,6,11/03/1999,,Ammonium sulphate,130,kg/ha,30,,band - interrow,4th of 4 applic,,,,,
908,,,22/02/2000,,Ammonium sulphate,65,kg/ha,0,,band - interrow,Final N application,,,,,
908,,1,29/11/1999,,Ammonium nitrate,348,kg/ha,0,,band - beside row,,,,,,
908,,3,17/11/1999,,Ammonium sulphate,44,kg/ha,0,,band - interrow,1st N application,,,,,
908,,3,14/12/1999,,Ammonium sulphate,44,kg/ha,0,,band - interrow,2nd N application,,,,,
908,,3,22/02/2000,,Ammonium sulphate,44,kg/ha,0,,band - interrow,Final N application,,,,,
908,,3,17/11/2000,,Ammonium sulphate,44,kg/ha,0,,band - interrow,3rd N application,,,,,
908,,4,17/11/1999,,Ammonium sulphate,65,kg/ha,0,,band - interrow,1st N application,,,,,
908,,4,14/12/1999,,Ammonium sulphate,65,kg/ha,0,,band - interrow,2nd N application,,,,,
908,,4,22/02/2000,,Ammonium sulphate,65,kg/ha,0,,band - interrow,Final N application,,,,,
908,,4,17/11/2000,,Ammonium sulphate,65,kg/ha,0,,band - interrow,3rd N application,,,,,
908,,5,17/11/1999,,Ammonium sulphate,87,kg/ha,0,,band - interrow,1st N application,,,,,
908,,5,14/12/1999,,Ammonium sulphate,87,kg/ha,0,,band - interrow,2nd N application,,,,,
908,,5,22/02/2000,,Ammonium sulphate,87,kg/ha,0,,band - interrow,Final N application,,,,,
908,,5,17/11/2000,,Ammonium sulphate,87,kg/ha,0,,band - interrow,3rd N application,,,,,
908,,6,17/11/1999,,Ammonium sulphate,130,kg/ha,0,,band - interrow,1st N application,,,,,
908,,6,14/12/1999,,Ammonium sulphate,130,kg/ha,0,,band - interrow,2nd N application,,,,,
908,,6,22/02/2000,,Ammonium sulphate,130,kg/ha,0,,band - interrow,Final N application,,,,,
908,,6,17/11/2000,,Ammonium sulphate,130,kg/ha,0,,band - interrow,3rd N application,,,,,
908,,ALL,15/09/1999,,Ammonium nitrate,2000,kg/ha,0,,band - beside row,,,,,,
